time(micros),GSR,skin_resistance
999,353.0,16.47673314339981
1064,353.0,16.47673314339981
1130,353.0,16.47673314339981
1195,354.0,16.413662239089184
1260,354.0,16.413662239089184
1326,354.0,16.413662239089184
1390,354.0,16.413662239089184
1456,355.0,16.35071090047393
1520,355.0,16.35071090047393
1586,355.0,16.35071090047393
1651,356.0,16.287878787878785
1716,357.0,16.225165562913908
1781,357.0,16.225165562913908
1847,357.0,16.225165562913908
1911,358.0,16.162570888468807
1977,358.0,16.162570888468807
2042,358.0,16.162570888468807
2107,358.0,16.162570888468807
2172,359.0,16.100094428706328
2237,360.0,16.037735849056602
2302,359.0,16.100094428706328
2368,360.0,16.037735849056602
2433,360.0,16.037735849056602
2498,360.0,16.037735849056602
2564,360.0,16.037735849056602
2628,361.0,15.97549481621112
2694,361.0,15.97549481621112
2759,361.0,15.97549481621112
2824,361.0,15.97549481621112
2889,362.0,15.913370998116761
2954,362.0,15.913370998116761
3019,362.0,15.913370998116761
3085,362.0,15.913370998116761
3149,363.0,15.851364063969896
3215,363.0,15.851364063969896
3280,363.0,15.851364063969896
3346,363.0,15.851364063969896
3410,363.0,15.851364063969896
3476,363.0,15.851364063969896
3540,363.0,15.851364063969896
3606,363.0,15.851364063969896
3672,364.0,15.789473684210526
3736,364.0,15.789473684210526
3802,363.0,15.851364063969896
3867,364.0,15.789473684210526
3932,365.0,15.727699530516432
3997,365.0,15.727699530516432
4063,365.0,15.727699530516432
4127,365.0,15.727699530516432
4193,365.0,15.727699530516432
4258,365.0,15.727699530516432
4323,364.0,15.789473684210526
4388,365.0,15.727699530516432
4453,364.0,15.789473684210526
4518,364.0,15.789473684210526
4584,364.0,15.789473684210526
4648,364.0,15.789473684210526
4714,364.0,15.789473684210526
4780,363.0,15.851364063969896
4845,363.0,15.851364063969896
4910,363.0,15.851364063969896
4975,363.0,15.851364063969896
5040,363.0,15.851364063969896
5105,363.0,15.851364063969896
5171,363.0,15.851364063969896
5236,362.0,15.913370998116761
5301,362.0,15.913370998116761
5366,363.0,15.851364063969896
5432,362.0,15.913370998116761
5496,361.0,15.97549481621112
5562,360.0,16.037735849056602
5626,361.0,15.97549481621112
5692,359.0,16.100094428706328
5757,358.0,16.162570888468807
5823,357.0,16.225165562913908
5888,357.0,16.225165562913908
5953,355.0,16.35071090047393
6019,354.0,16.413662239089184
6084,354.0,16.413662239089184
6149,353.0,16.47673314339981
6214,353.0,16.47673314339981
6280,352.0,16.539923954372625
6345,351.0,16.603235014272123
6411,351.0,16.603235014272123
6476,350.0,16.666666666666668
6542,350.0,16.666666666666668
6606,350.0,16.666666666666668
6672,350.0,16.666666666666668
6737,349.0,16.7302192564347
6802,350.0,16.666666666666668
6867,350.0,16.666666666666668
6933,350.0,16.666666666666668
6998,350.0,16.666666666666668
7063,351.0,16.603235014272123
7129,351.0,16.603235014272123
7194,350.0,16.666666666666668
7260,351.0,16.603235014272123
7325,352.0,16.539923954372625
7390,352.0,16.539923954372625
7455,352.0,16.539923954372625
7521,353.0,16.47673314339981
7586,353.0,16.47673314339981
7652,353.0,16.47673314339981
7717,353.0,16.47673314339981
7783,355.0,16.35071090047393
7848,355.0,16.35071090047393
7914,355.0,16.35071090047393
7980,356.0,16.287878787878785
8044,356.0,16.287878787878785
8110,357.0,16.225165562913908
8175,356.0,16.287878787878785
8240,357.0,16.225165562913908
8305,357.0,16.225165562913908
8371,357.0,16.225165562913908
8435,357.0,16.225165562913908
8501,358.0,16.162570888468807
8566,358.0,16.162570888468807
8631,358.0,16.162570888468807
8696,358.0,16.162570888468807
8762,359.0,16.100094428706328
8827,360.0,16.037735849056602
8893,359.0,16.100094428706328
8957,360.0,16.037735849056602
9023,360.0,16.037735849056602
9089,360.0,16.037735849056602
9154,360.0,16.037735849056602
9219,361.0,15.97549481621112
9284,361.0,15.97549481621112
9350,360.0,16.037735849056602
9415,360.0,16.037735849056602
9481,362.0,15.913370998116761
9546,361.0,15.97549481621112
9612,361.0,15.97549481621112
9677,362.0,15.913370998116761
9742,362.0,15.913370998116761
9807,362.0,15.913370998116761
9873,362.0,15.913370998116761
9938,363.0,15.851364063969896
10004,362.0,15.913370998116761
10074,362.0,15.913370998116761
10144,363.0,15.851364063969896
10214,363.0,15.851364063969896
10284,363.0,15.851364063969896
10354,363.0,15.851364063969896
10424,363.0,15.851364063969896
10494,363.0,15.851364063969896
10564,363.0,15.851364063969896
10634,362.0,15.913370998116761
10704,362.0,15.913370998116761
10774,362.0,15.913370998116761
10845,362.0,15.913370998116761
10914,362.0,15.913370998116761
10985,362.0,15.913370998116761
11055,362.0,15.913370998116761
11124,362.0,15.913370998116761
11195,362.0,15.913370998116761
11265,362.0,15.913370998116761
11335,362.0,15.913370998116761
11405,361.0,15.97549481621112
11475,361.0,15.97549481621112
11545,361.0,15.97549481621112
11615,362.0,15.913370998116761
11685,361.0,15.97549481621112
11755,362.0,15.913370998116761
11826,360.0,16.037735849056602
11895,361.0,15.97549481621112
11965,360.0,16.037735849056602
12036,361.0,15.97549481621112
12105,360.0,16.037735849056602
12176,361.0,15.97549481621112
12246,360.0,16.037735849056602
12316,361.0,15.97549481621112
12386,360.0,16.037735849056602
12455,360.0,16.037735849056602
12526,359.0,16.100094428706328
12596,360.0,16.037735849056602
12666,359.0,16.100094428706328
12736,359.0,16.100094428706328
12807,357.0,16.225165562913908
12876,357.0,16.225165562913908
12946,356.0,16.287878787878785
13017,356.0,16.287878787878785
13086,355.0,16.35071090047393
13157,355.0,16.35071090047393
13227,354.0,16.413662239089184
13296,354.0,16.413662239089184
13367,353.0,16.47673314339981
13436,353.0,16.47673314339981
13507,352.0,16.539923954372625
13577,352.0,16.539923954372625
13646,352.0,16.539923954372625
13717,352.0,16.539923954372625
13787,352.0,16.539923954372625
13857,352.0,16.539923954372625
13927,352.0,16.539923954372625
13998,353.0,16.47673314339981
14067,352.0,16.539923954372625
14137,353.0,16.47673314339981
14208,353.0,16.47673314339981
14277,354.0,16.413662239089184
14348,354.0,16.413662239089184
14417,354.0,16.413662239089184
14488,354.0,16.413662239089184
14558,355.0,16.35071090047393
14627,355.0,16.35071090047393
14698,356.0,16.287878787878785
14768,355.0,16.35071090047393
14838,356.0,16.287878787878785
14908,356.0,16.287878787878785
14978,357.0,16.225165562913908
15048,357.0,16.225165562913908
15118,357.0,16.225165562913908
15188,358.0,16.162570888468807
15258,358.0,16.162570888468807
15329,359.0,16.100094428706328
15398,359.0,16.100094428706328
15468,359.0,16.100094428706328
15539,359.0,16.100094428706328
15608,360.0,16.037735849056602
15679,359.0,16.100094428706328
15749,360.0,16.037735849056602
15819,360.0,16.037735849056602
15889,361.0,15.97549481621112
15959,361.0,15.97549481621112
16029,361.0,15.97549481621112
16099,360.0,16.037735849056602
16168,362.0,15.913370998116761
16239,361.0,15.97549481621112
16309,362.0,15.913370998116761
16379,361.0,15.97549481621112
16449,362.0,15.913370998116761
16520,361.0,15.97549481621112
16589,362.0,15.913370998116761
16659,361.0,15.97549481621112
16730,362.0,15.913370998116761
16799,361.0,15.97549481621112
16870,362.0,15.913370998116761
16940,361.0,15.97549481621112
17010,362.0,15.913370998116761
17080,361.0,15.97549481621112
17149,362.0,15.913370998116761
17220,361.0,15.97549481621112
17290,362.0,15.913370998116761
17360,361.0,15.97549481621112
17430,362.0,15.913370998116761
17500,362.0,15.913370998116761
17570,362.0,15.913370998116761
17640,362.0,15.913370998116761
17711,362.0,15.913370998116761
17780,362.0,15.913370998116761
17851,363.0,15.851364063969896
17921,362.0,15.913370998116761
17990,363.0,15.851364063969896
18061,363.0,15.851364063969896
18130,363.0,15.851364063969896
18201,363.0,15.851364063969896
18271,363.0,15.851364063969896
18341,363.0,15.851364063969896
18411,364.0,15.789473684210526
18481,364.0,15.789473684210526
18551,364.0,15.789473684210526
18621,364.0,15.789473684210526
18692,364.0,15.789473684210526
18761,365.0,15.727699530516432
18831,364.0,15.789473684210526
18902,364.0,15.789473684210526
18971,364.0,15.789473684210526
19042,365.0,15.727699530516432
19111,364.0,15.789473684210526
19182,365.0,15.727699530516432
19252,365.0,15.727699530516432
19321,365.0,15.727699530516432
19392,365.0,15.727699530516432
19462,366.0,15.666041275797374
19532,366.0,15.666041275797374
19602,366.0,15.666041275797374
19673,365.0,15.727699530516432
19742,366.0,15.666041275797374
19812,366.0,15.666041275797374
19883,366.0,15.666041275797374
19952,366.0,15.666041275797374
20023,367.0,15.604498594189318
20092,366.0,15.666041275797374
20162,367.0,15.604498594189318
20233,366.0,15.666041275797374
20302,367.0,15.604498594189318
20373,366.0,15.666041275797374
20443,367.0,15.604498594189318
20513,366.0,15.666041275797374
20583,367.0,15.604498594189318
20653,367.0,15.604498594189318
20723,367.0,15.604498594189318
20793,366.0,15.666041275797374
20864,367.0,15.604498594189318
20933,366.0,15.666041275797374
21004,366.0,15.666041275797374
21073,365.0,15.727699530516432
21143,365.0,15.727699530516432
21214,363.0,15.851364063969896
21283,363.0,15.851364063969896
21354,361.0,15.97549481621112
21424,361.0,15.97549481621112
21493,360.0,16.037735849056602
21564,359.0,16.100094428706328
21634,358.0,16.162570888468807
21704,358.0,16.162570888468807
21774,357.0,16.225165562913908
21844,356.0,16.287878787878785
21914,355.0,16.35071090047393
21984,355.0,16.35071090047393
22054,353.0,16.47673314339981
22124,353.0,16.47673314339981
22195,352.0,16.539923954372625
22264,352.0,16.539923954372625
22335,351.0,16.603235014272123
22405,349.0,16.7302192564347
22474,349.0,16.7302192564347
22545,348.0,16.793893129770993
22615,348.0,16.793893129770993
22685,347.0,16.857688634192936
22755,347.0,16.857688634192936
22824,347.0,16.857688634192936
22895,347.0,16.857688634192936
22965,347.0,16.857688634192936
23035,347.0,16.857688634192936
23105,347.0,16.857688634192936
23176,348.0,16.793893129770993
23245,347.0,16.857688634192936
23315,349.0,16.7302192564347
23386,348.0,16.793893129770993
23455,349.0,16.7302192564347
23526,349.0,16.7302192564347
23596,350.0,16.666666666666668
23666,350.0,16.666666666666668
23736,351.0,16.603235014272123
23805,350.0,16.666666666666668
23876,351.0,16.603235014272123
23946,351.0,16.603235014272123
24016,353.0,16.47673314339981
24086,352.0,16.539923954372625
24156,353.0,16.47673314339981
24226,353.0,16.47673314339981
24296,354.0,16.413662239089184
24367,354.0,16.413662239089184
24436,355.0,16.35071090047393
24507,354.0,16.413662239089184
24577,356.0,16.287878787878785
24646,355.0,16.35071090047393
24717,356.0,16.287878787878785
24786,356.0,16.287878787878785
24857,357.0,16.225165562913908
24927,356.0,16.287878787878785
24997,357.0,16.225165562913908
25067,357.0,16.225165562913908
25137,358.0,16.162570888468807
25207,358.0,16.162570888468807
25277,358.0,16.162570888468807
25348,358.0,16.162570888468807
25417,359.0,16.100094428706328
25487,358.0,16.162570888468807
25558,359.0,16.100094428706328
25627,359.0,16.100094428706328
25698,359.0,16.100094428706328
25767,359.0,16.100094428706328
25838,360.0,16.037735849056602
25908,359.0,16.100094428706328
25977,360.0,16.037735849056602
26048,360.0,16.037735849056602
26118,360.0,16.037735849056602
26188,361.0,15.97549481621112
26258,361.0,15.97549481621112
26329,361.0,15.97549481621112
26398,361.0,15.97549481621112
26468,361.0,15.97549481621112
26539,361.0,15.97549481621112
26608,362.0,15.913370998116761
26679,361.0,15.97549481621112
26748,362.0,15.913370998116761
26818,362.0,15.913370998116761
26889,362.0,15.913370998116761
26958,362.0,15.913370998116761
27029,362.0,15.913370998116761
27099,362.0,15.913370998116761
27169,362.0,15.913370998116761
27239,362.0,15.913370998116761
27309,362.0,15.913370998116761
27379,361.0,15.97549481621112
27449,362.0,15.913370998116761
27520,361.0,15.97549481621112
27589,361.0,15.97549481621112
27660,360.0,16.037735849056602
27729,361.0,15.97549481621112
27799,360.0,16.037735849056602
27870,361.0,15.97549481621112
27939,360.0,16.037735849056602
28010,360.0,16.037735849056602
28080,359.0,16.100094428706328
28149,359.0,16.100094428706328
28220,358.0,16.162570888468807
28290,358.0,16.162570888468807
28360,357.0,16.225165562913908
28430,356.0,16.287878787878785
28500,354.0,16.413662239089184
28570,354.0,16.413662239089184
28640,352.0,16.539923954372625
28710,352.0,16.539923954372625
28780,350.0,16.666666666666668
28851,350.0,16.666666666666668
28920,348.0,16.793893129770993
28991,348.0,16.793893129770993
29061,346.0,16.921606118546844
29130,346.0,16.921606118546844
29201,345.0,16.985645933014357
29271,345.0,16.985645933014357
29341,345.0,16.985645933014357
29411,345.0,16.985645933014357
29480,345.0,16.985645933014357
29551,345.0,16.985645933014357
29621,345.0,16.985645933014357
29691,345.0,16.985645933014357
29761,345.0,16.985645933014357
29832,346.0,16.921606118546844
29901,346.0,16.921606118546844
29971,346.0,16.921606118546844
30042,347.0,16.857688634192936
30111,347.0,16.857688634192936
30182,348.0,16.793893129770993
30252,349.0,16.7302192564347
30322,349.0,16.7302192564347
30392,350.0,16.666666666666668
30461,351.0,16.603235014272123
30532,350.0,16.666666666666668
30602,352.0,16.539923954372625
30672,351.0,16.603235014272123
30742,352.0,16.539923954372625
30812,352.0,16.539923954372625
30882,353.0,16.47673314339981
30952,353.0,16.47673314339981
31023,354.0,16.413662239089184
31092,353.0,16.47673314339981
31163,354.0,16.413662239089184
31233,354.0,16.413662239089184
31302,355.0,16.35071090047393
31373,355.0,16.35071090047393
31442,355.0,16.35071090047393
31513,355.0,16.35071090047393
31583,356.0,16.287878787878785
31653,355.0,16.35071090047393
31723,356.0,16.287878787878785
31793,356.0,16.287878787878785
31863,357.0,16.225165562913908
31933,356.0,16.287878787878785
32004,357.0,16.225165562913908
32073,356.0,16.287878787878785
32143,358.0,16.162570888468807
32214,357.0,16.225165562913908
32283,358.0,16.162570888468807
32354,357.0,16.225165562913908
32423,358.0,16.162570888468807
32494,357.0,16.225165562913908
32564,358.0,16.162570888468807
32633,358.0,16.162570888468807
32704,358.0,16.162570888468807
32774,357.0,16.225165562913908
32844,358.0,16.162570888468807
32914,357.0,16.225165562913908
32985,357.0,16.225165562913908
33054,356.0,16.287878787878785
33124,356.0,16.287878787878785
33195,356.0,16.287878787878785
33264,356.0,16.287878787878785
33335,355.0,16.35071090047393
33404,355.0,16.35071090047393
33474,354.0,16.413662239089184
33545,354.0,16.413662239089184
33614,353.0,16.47673314339981
33685,353.0,16.47673314339981
33755,352.0,16.539923954372625
33825,352.0,16.539923954372625
33895,352.0,16.539923954372625
33965,351.0,16.603235014272123
34035,350.0,16.666666666666668
34105,350.0,16.666666666666668
34176,350.0,16.666666666666668
34245,349.0,16.7302192564347
34316,349.0,16.7302192564347
34385,349.0,16.7302192564347
34455,349.0,16.7302192564347
34526,348.0,16.793893129770993
34595,349.0,16.7302192564347
34666,349.0,16.7302192564347
34736,349.0,16.7302192564347
34805,348.0,16.793893129770993
34876,349.0,16.7302192564347
34946,349.0,16.7302192564347
35016,350.0,16.666666666666668
35086,349.0,16.7302192564347
35156,350.0,16.666666666666668
35226,350.0,16.666666666666668
35296,350.0,16.666666666666668
35366,350.0,16.666666666666668
35436,351.0,16.603235014272123
35507,350.0,16.666666666666668
35576,351.0,16.603235014272123
35647,351.0,16.603235014272123
35717,352.0,16.539923954372625
35786,351.0,16.603235014272123
35857,352.0,16.539923954372625
35927,352.0,16.539923954372625
35997,352.0,16.539923954372625
36067,352.0,16.539923954372625
36136,353.0,16.47673314339981
36207,352.0,16.539923954372625
36277,353.0,16.47673314339981
36347,352.0,16.539923954372625
36417,354.0,16.413662239089184
36488,353.0,16.47673314339981
36557,354.0,16.413662239089184
36627,353.0,16.47673314339981
36698,354.0,16.413662239089184
36767,354.0,16.413662239089184
36838,355.0,16.35071090047393
36908,354.0,16.413662239089184
36978,355.0,16.35071090047393
37048,355.0,16.35071090047393
37117,355.0,16.35071090047393
37188,355.0,16.35071090047393
37258,356.0,16.287878787878785
37328,356.0,16.287878787878785
37398,356.0,16.287878787878785
37468,356.0,16.287878787878785
37538,356.0,16.287878787878785
37608,356.0,16.287878787878785
37679,357.0,16.225165562913908
37748,356.0,16.287878787878785
37819,357.0,16.225165562913908
37889,357.0,16.225165562913908
37958,357.0,16.225165562913908
38029,357.0,16.225165562913908
38098,356.0,16.287878787878785
38169,357.0,16.225165562913908
38239,356.0,16.287878787878785
38309,357.0,16.225165562913908
38379,356.0,16.287878787878785
38449,357.0,16.225165562913908
38519,356.0,16.287878787878785
38589,357.0,16.225165562913908
38660,356.0,16.287878787878785
38729,357.0,16.225165562913908
38799,356.0,16.287878787878785
38870,357.0,16.225165562913908
38939,356.0,16.287878787878785
39010,357.0,16.225165562913908
39079,356.0,16.287878787878785
39150,357.0,16.225165562913908
39220,356.0,16.287878787878785
39289,357.0,16.225165562913908
39360,357.0,16.225165562913908
39430,357.0,16.225165562913908
39500,357.0,16.225165562913908
39570,357.0,16.225165562913908
39641,357.0,16.225165562913908
39710,358.0,16.162570888468807
39780,357.0,16.225165562913908
39851,358.0,16.162570888468807
39920,357.0,16.225165562913908
39991,358.0,16.162570888468807
40060,357.0,16.225165562913908
40130,358.0,16.162570888468807
40201,357.0,16.225165562913908
40270,357.0,16.225165562913908
40341,357.0,16.225165562913908
40411,357.0,16.225165562913908
40481,356.0,16.287878787878785
40551,357.0,16.225165562913908
40621,356.0,16.287878787878785
40691,357.0,16.225165562913908
40761,356.0,16.287878787878785
40832,357.0,16.225165562913908
40901,356.0,16.287878787878785
40972,357.0,16.225165562913908
41041,357.0,16.225165562913908
41111,357.0,16.225165562913908
41182,357.0,16.225165562913908
41251,357.0,16.225165562913908
41322,357.0,16.225165562913908
41392,357.0,16.225165562913908
41461,358.0,16.162570888468807
41532,358.0,16.162570888468807
41602,358.0,16.162570888468807
41672,358.0,16.162570888468807
41742,359.0,16.100094428706328
41812,358.0,16.162570888468807
41882,359.0,16.100094428706328
41952,358.0,16.162570888468807
42022,359.0,16.100094428706328
42092,358.0,16.162570888468807
42163,359.0,16.100094428706328
42232,359.0,16.100094428706328
42303,359.0,16.100094428706328
42373,359.0,16.100094428706328
42442,359.0,16.100094428706328
42513,359.0,16.100094428706328
42583,360.0,16.037735849056602
42653,359.0,16.100094428706328
42723,360.0,16.037735849056602
42792,359.0,16.100094428706328
42863,361.0,15.97549481621112
42933,360.0,16.037735849056602
43003,361.0,15.97549481621112
43073,360.0,16.037735849056602
43144,361.0,15.97549481621112
43213,360.0,16.037735849056602
43283,361.0,15.97549481621112
43354,360.0,16.037735849056602
43423,362.0,15.913370998116761
43494,361.0,15.97549481621112
43564,362.0,15.913370998116761
43634,361.0,15.97549481621112
43704,362.0,15.913370998116761
43773,361.0,15.97549481621112
43844,362.0,15.913370998116761
43914,362.0,15.913370998116761
43984,362.0,15.913370998116761
44054,361.0,15.97549481621112
44124,362.0,15.913370998116761
44194,362.0,15.913370998116761
44264,362.0,15.913370998116761
44335,362.0,15.913370998116761
44404,362.0,15.913370998116761
44475,362.0,15.913370998116761
44545,362.0,15.913370998116761
44614,362.0,15.913370998116761
44685,362.0,15.913370998116761
44754,362.0,15.913370998116761
44825,362.0,15.913370998116761
44895,362.0,15.913370998116761
44965,362.0,15.913370998116761
45035,362.0,15.913370998116761
45105,362.0,15.913370998116761
45175,362.0,15.913370998116761
45245,362.0,15.913370998116761
45316,363.0,15.851364063969896
45385,362.0,15.913370998116761
45455,363.0,15.851364063969896
45526,362.0,15.913370998116761
45595,363.0,15.851364063969896
45666,362.0,15.913370998116761
45735,364.0,15.789473684210526
45806,363.0,15.851364063969896
45876,364.0,15.789473684210526
45945,363.0,15.851364063969896
46016,364.0,15.789473684210526
46086,363.0,15.851364063969896
46156,364.0,15.789473684210526
46226,363.0,15.851364063969896
46297,364.0,15.789473684210526
46366,364.0,15.789473684210526
46436,364.0,15.789473684210526
46507,364.0,15.789473684210526
46576,365.0,15.727699530516432
46647,364.0,15.789473684210526
46716,365.0,15.727699530516432
46786,364.0,15.789473684210526
46857,365.0,15.727699530516432
46926,364.0,15.789473684210526
46997,365.0,15.727699530516432
47067,364.0,15.789473684210526
47137,366.0,15.666041275797374
47207,365.0,15.727699530516432
47277,366.0,15.666041275797374
47347,365.0,15.727699530516432
47417,366.0,15.666041275797374
47488,365.0,15.727699530516432
47557,366.0,15.666041275797374
47628,365.0,15.727699530516432
47697,366.0,15.666041275797374
47767,366.0,15.666041275797374
47838,367.0,15.604498594189318
47907,366.0,15.666041275797374
47978,367.0,15.604498594189318
48048,367.0,15.604498594189318
48117,367.0,15.604498594189318
48188,367.0,15.604498594189318
48258,367.0,15.604498594189318
48328,367.0,15.604498594189318
48398,367.0,15.604498594189318
48468,367.0,15.604498594189318
48538,366.0,15.666041275797374
48608,367.0,15.604498594189318
48678,367.0,15.604498594189318
48748,367.0,15.604498594189318
48819,366.0,15.666041275797374
48888,366.0,15.666041275797374
48959,366.0,15.666041275797374
49029,366.0,15.666041275797374
49098,365.0,15.727699530516432
49169,365.0,15.727699530516432
49239,365.0,15.727699530516432
49309,365.0,15.727699530516432
49379,364.0,15.789473684210526
49448,365.0,15.727699530516432
49519,364.0,15.789473684210526
49589,364.0,15.789473684210526
49659,363.0,15.851364063969896
49729,364.0,15.789473684210526
49800,363.0,15.851364063969896
49869,364.0,15.789473684210526
49939,363.0,15.851364063969896
50010,364.0,15.789473684210526
50079,363.0,15.851364063969896
50150,364.0,15.789473684210526
50220,363.0,15.851364063969896
50290,364.0,15.789473684210526
50360,364.0,15.789473684210526
50429,364.0,15.789473684210526
50500,364.0,15.789473684210526
50570,364.0,15.789473684210526
50640,364.0,15.789473684210526
50710,365.0,15.727699530516432
50780,364.0,15.789473684210526
50850,365.0,15.727699530516432
50920,365.0,15.727699530516432
50991,365.0,15.727699530516432
51060,365.0,15.727699530516432
51131,366.0,15.666041275797374
51201,365.0,15.727699530516432
51270,366.0,15.666041275797374
51341,365.0,15.727699530516432
51410,366.0,15.666041275797374
51481,366.0,15.666041275797374
51551,366.0,15.666041275797374
51621,366.0,15.666041275797374
51691,366.0,15.666041275797374
51761,366.0,15.666041275797374
51831,367.0,15.604498594189318
51901,367.0,15.604498594189318
51972,366.0,15.666041275797374
52041,367.0,15.604498594189318
52111,366.0,15.666041275797374
52182,367.0,15.604498594189318
52251,366.0,15.666041275797374
52322,367.0,15.604498594189318
52391,367.0,15.604498594189318
52462,367.0,15.604498594189318
52532,367.0,15.604498594189318
52601,367.0,15.604498594189318
52672,367.0,15.604498594189318
52742,367.0,15.604498594189318
52812,367.0,15.604498594189318
52882,368.0,15.543071161048688
52953,367.0,15.604498594189318
53022,367.0,15.604498594189318
53092,367.0,15.604498594189318
53163,367.0,15.604498594189318
53232,366.0,15.666041275797374
53303,367.0,15.604498594189318
53372,367.0,15.604498594189318
53442,367.0,15.604498594189318
53513,366.0,15.666041275797374
53582,367.0,15.604498594189318
53653,366.0,15.666041275797374
53723,366.0,15.666041275797374
53793,365.0,15.727699530516432
53863,366.0,15.666041275797374
53933,365.0,15.727699530516432
54003,366.0,15.666041275797374
54073,366.0,15.666041275797374
54144,366.0,15.666041275797374
54213,365.0,15.727699530516432
54284,366.0,15.666041275797374
54353,365.0,15.727699530516432
54423,366.0,15.666041275797374
54494,366.0,15.666041275797374
54563,367.0,15.604498594189318
54634,366.0,15.666041275797374
54704,367.0,15.604498594189318
54773,366.0,15.666041275797374
54844,367.0,15.604498594189318
54914,367.0,15.604498594189318
54984,367.0,15.604498594189318
55054,367.0,15.604498594189318
55124,367.0,15.604498594189318
55194,367.0,15.604498594189318
55264,368.0,15.543071161048688
55334,368.0,15.543071161048688
55404,368.0,15.543071161048688
55475,368.0,15.543071161048688
55544,368.0,15.543071161048688
55615,368.0,15.543071161048688
55685,368.0,15.543071161048688
55754,368.0,15.543071161048688
55825,368.0,15.543071161048688
55895,369.0,15.481758652946677
55965,369.0,15.481758652946677
56035,369.0,15.481758652946677
56104,369.0,15.481758652946677
56175,369.0,15.481758652946677
56245,369.0,15.481758652946677
56315,369.0,15.481758652946677
56385,369.0,15.481758652946677
56456,369.0,15.481758652946677
56525,369.0,15.481758652946677
56595,370.0,15.42056074766355
56666,369.0,15.481758652946677
56735,370.0,15.42056074766355
56806,369.0,15.481758652946677
56876,370.0,15.42056074766355
56946,369.0,15.481758652946677
57016,370.0,15.42056074766355
57085,369.0,15.481758652946677
57156,370.0,15.42056074766355
57226,369.0,15.481758652946677
57296,370.0,15.42056074766355
57366,369.0,15.481758652946677
57436,370.0,15.42056074766355
57506,369.0,15.481758652946677
57576,371.0,15.359477124183007
57647,370.0,15.42056074766355
57716,370.0,15.42056074766355
57787,370.0,15.42056074766355
57857,371.0,15.359477124183007
57926,370.0,15.42056074766355
57997,371.0,15.359477124183007
58066,370.0,15.42056074766355
58137,371.0,15.359477124183007
58207,371.0,15.359477124183007
58277,371.0,15.359477124183007
58347,371.0,15.359477124183007
58417,371.0,15.359477124183007
58487,371.0,15.359477124183007
58557,371.0,15.359477124183007
58628,371.0,15.359477124183007
58697,372.0,15.298507462686565
58767,371.0,15.359477124183007
58838,372.0,15.298507462686565
58907,372.0,15.298507462686565
58978,372.0,15.298507462686565
59047,372.0,15.298507462686565
59118,372.0,15.298507462686565
59188,372.0,15.298507462686565
59257,372.0,15.298507462686565
59328,372.0,15.298507462686565
59398,372.0,15.298507462686565
59468,372.0,15.298507462686565
59538,371.0,15.359477124183007
59609,372.0,15.298507462686565
59678,371.0,15.359477124183007
59748,372.0,15.298507462686565
59819,371.0,15.359477124183007
59888,372.0,15.298507462686565
59959,371.0,15.359477124183007
60028,372.0,15.298507462686565
60098,372.0,15.298507462686565
60169,372.0,15.298507462686565
60238,371.0,15.359477124183007
60309,372.0,15.298507462686565
60379,371.0,15.359477124183007
60449,372.0,15.298507462686565
60519,371.0,15.359477124183007
60589,372.0,15.298507462686565
60659,372.0,15.298507462686565
60729,372.0,15.298507462686565
60800,371.0,15.359477124183007
60869,372.0,15.298507462686565
60940,371.0,15.359477124183007
61009,372.0,15.298507462686565
61079,372.0,15.298507462686565
61150,372.0,15.298507462686565
61219,372.0,15.298507462686565
61290,372.0,15.298507462686565
61360,372.0,15.298507462686565
61429,373.0,15.237651444547996
61500,372.0,15.298507462686565
61570,372.0,15.298507462686565
61640,372.0,15.298507462686565
61710,373.0,15.237651444547996
61780,372.0,15.298507462686565
61850,373.0,15.237651444547996
61920,372.0,15.298507462686565
61990,373.0,15.237651444547996
62060,372.0,15.298507462686565
62131,373.0,15.237651444547996
62200,373.0,15.237651444547996
62271,373.0,15.237651444547996
62341,373.0,15.237651444547996
62410,374.0,15.176908752327746
62481,374.0,15.176908752327746
62551,374.0,15.176908752327746
62621,374.0,15.176908752327746
62691,374.0,15.176908752327746
62760,374.0,15.176908752327746
62831,374.0,15.176908752327746
62901,374.0,15.176908752327746
62971,374.0,15.176908752327746
63041,374.0,15.176908752327746
63112,374.0,15.176908752327746
63181,375.0,15.116279069767442
63251,374.0,15.176908752327746
63322,375.0,15.116279069767442
63391,375.0,15.116279069767442
63462,375.0,15.116279069767442
63532,374.0,15.176908752327746
63602,375.0,15.116279069767442
63672,375.0,15.116279069767442
63741,375.0,15.116279069767442
63812,375.0,15.116279069767442
63882,375.0,15.116279069767442
63952,375.0,15.116279069767442
64022,375.0,15.116279069767442
64092,375.0,15.116279069767442
64162,375.0,15.116279069767442
64232,374.0,15.176908752327746
64303,375.0,15.116279069767442
64372,374.0,15.176908752327746
64443,375.0,15.116279069767442
64513,374.0,15.176908752327746
64582,375.0,15.116279069767442
64653,374.0,15.176908752327746
64722,375.0,15.116279069767442
64793,374.0,15.176908752327746
64863,375.0,15.116279069767442
64933,374.0,15.176908752327746
65003,375.0,15.116279069767442
65073,374.0,15.176908752327746
65143,375.0,15.116279069767442
65213,374.0,15.176908752327746
65284,375.0,15.116279069767442
65353,374.0,15.176908752327746
65423,375.0,15.116279069767442
65494,375.0,15.116279069767442
65563,375.0,15.116279069767442
65634,374.0,15.176908752327746
65703,376.0,15.055762081784389
65774,375.0,15.116279069767442
65844,376.0,15.055762081784389
65913,375.0,15.116279069767442
65984,376.0,15.055762081784389
66054,375.0,15.116279069767442
66124,376.0,15.055762081784389
66194,376.0,15.055762081784389
66265,376.0,15.055762081784389
66334,376.0,15.055762081784389
66404,376.0,15.055762081784389
66475,376.0,15.055762081784389
66544,376.0,15.055762081784389
66615,377.0,14.995357474466111
66684,376.0,15.055762081784389
66754,377.0,14.995357474466111
66825,377.0,14.995357474466111
66894,377.0,14.995357474466111
66965,377.0,14.995357474466111
67035,377.0,14.995357474466111
67105,377.0,14.995357474466111
67175,378.0,14.935064935064936
67245,377.0,14.995357474466111
67315,378.0,14.935064935064936
67385,377.0,14.995357474466111
67456,378.0,14.935064935064936
67525,378.0,14.935064935064936
67596,378.0,14.935064935064936
67665,378.0,14.935064935064936
67735,378.0,14.935064935064936
67806,378.0,14.935064935064936
67875,379.0,14.874884151992585
67946,378.0,14.935064935064936
68016,379.0,14.874884151992585
68085,378.0,14.935064935064936
68156,379.0,14.874884151992585
68226,378.0,14.935064935064936
68296,379.0,14.874884151992585
68366,378.0,14.935064935064936
68436,379.0,14.874884151992585
68506,378.0,14.935064935064936
68576,379.0,14.874884151992585
68646,378.0,14.935064935064936
68716,379.0,14.874884151992585
68787,379.0,14.874884151992585
68856,379.0,14.874884151992585
68927,378.0,14.935064935064936
68997,379.0,14.874884151992585
69066,378.0,14.935064935064936
69137,379.0,14.874884151992585
69207,378.0,14.935064935064936
69277,379.0,14.874884151992585
69347,378.0,14.935064935064936
69416,379.0,14.874884151992585
69487,378.0,14.935064935064936
69557,379.0,14.874884151992585
69627,378.0,14.935064935064936
69697,378.0,14.935064935064936
69768,378.0,14.935064935064936
69837,378.0,14.935064935064936
69907,378.0,14.935064935064936
69978,378.0,14.935064935064936
70047,378.0,14.935064935064936
70118,378.0,14.935064935064936
70188,378.0,14.935064935064936
70258,377.0,14.995357474466111
70328,377.0,14.995357474466111
70397,378.0,14.935064935064936
70468,378.0,14.935064935064936
70538,377.0,14.995357474466111
70608,377.0,14.995357474466111
70678,377.0,14.995357474466111
70748,377.0,14.995357474466111
70818,377.0,14.995357474466111
70888,378.0,14.935064935064936
70959,377.0,14.995357474466111
71028,377.0,14.995357474466111
71099,377.0,14.995357474466111
71169,377.0,14.995357474466111
71238,376.0,15.055762081784389
71309,377.0,14.995357474466111
71378,376.0,15.055762081784389
71449,377.0,14.995357474466111
71519,376.0,15.055762081784389
71589,377.0,14.995357474466111
71659,376.0,15.055762081784389
71729,376.0,15.055762081784389
71799,376.0,15.055762081784389
71869,377.0,14.995357474466111
71940,376.0,15.055762081784389
72009,376.0,15.055762081784389
72079,376.0,15.055762081784389
72150,377.0,14.995357474466111
72219,376.0,15.055762081784389
72290,377.0,14.995357474466111
72359,376.0,15.055762081784389
72430,377.0,14.995357474466111
72500,377.0,14.995357474466111
72569,377.0,14.995357474466111
72640,376.0,15.055762081784389
72710,378.0,14.935064935064936
72780,377.0,14.995357474466111
72850,377.0,14.995357474466111
72921,377.0,14.995357474466111
72990,377.0,14.995357474466111
73060,377.0,14.995357474466111
73131,378.0,14.935064935064936
73200,377.0,14.995357474466111
73271,377.0,14.995357474466111
73340,377.0,14.995357474466111
73410,378.0,14.935064935064936
73481,377.0,14.995357474466111
73550,378.0,14.935064935064936
73621,377.0,14.995357474466111
73691,378.0,14.935064935064936
73761,377.0,14.995357474466111
73831,378.0,14.935064935064936
73901,378.0,14.935064935064936
73971,378.0,14.935064935064936
74041,378.0,14.935064935064936
74112,378.0,14.935064935064936
74181,379.0,14.874884151992585
74252,378.0,14.935064935064936
74321,378.0,14.935064935064936
74391,379.0,14.874884151992585
74462,379.0,14.874884151992585
74531,379.0,14.874884151992585
74602,379.0,14.874884151992585
74672,379.0,14.874884151992585
74741,379.0,14.874884151992585
74812,379.0,14.874884151992585
74882,380.0,14.814814814814815
74952,379.0,14.874884151992585
75022,380.0,14.814814814814815
75092,379.0,14.874884151992585
75162,380.0,14.814814814814815
75232,379.0,14.874884151992585
75302,380.0,14.814814814814815
75372,378.0,14.935064935064936
75443,379.0,14.874884151992585
75512,377.0,14.995357474466111
75583,378.0,14.935064935064936
75653,376.0,15.055762081784389
75722,375.0,15.116279069767442
75793,374.0,15.176908752327746
75863,374.0,15.176908752327746
75933,372.0,15.298507462686565
76003,372.0,15.298507462686565
76072,370.0,15.42056074766355
76143,370.0,15.42056074766355
76213,369.0,15.481758652946677
76283,369.0,15.481758652946677
76353,368.0,15.543071161048688
76424,368.0,15.543071161048688
76493,367.0,15.604498594189318
76563,367.0,15.604498594189318
76634,366.0,15.666041275797374
76703,367.0,15.604498594189318
76774,366.0,15.666041275797374
76844,366.0,15.666041275797374
76914,365.0,15.727699530516432
76984,366.0,15.666041275797374
77053,365.0,15.727699530516432
77124,366.0,15.666041275797374
77194,365.0,15.727699530516432
77264,366.0,15.666041275797374
77334,365.0,15.727699530516432
77404,366.0,15.666041275797374
77474,365.0,15.727699530516432
77544,366.0,15.666041275797374
77615,365.0,15.727699530516432
77684,366.0,15.666041275797374
77755,365.0,15.727699530516432
77825,366.0,15.666041275797374
77894,366.0,15.666041275797374
77965,366.0,15.666041275797374
78034,365.0,15.727699530516432
78105,365.0,15.727699530516432
78175,365.0,15.727699530516432
78245,365.0,15.727699530516432
78315,365.0,15.727699530516432
78385,365.0,15.727699530516432
78455,365.0,15.727699530516432
78525,364.0,15.789473684210526
78596,365.0,15.727699530516432
78665,364.0,15.789473684210526
78735,365.0,15.727699530516432
78806,364.0,15.789473684210526
78875,365.0,15.727699530516432
78946,364.0,15.789473684210526
79015,365.0,15.727699530516432
79086,364.0,15.789473684210526
79156,365.0,15.727699530516432
79225,365.0,15.727699530516432
79296,366.0,15.666041275797374
79366,365.0,15.727699530516432
79436,366.0,15.666041275797374
79506,366.0,15.666041275797374
79577,367.0,15.604498594189318
79646,366.0,15.666041275797374
79716,367.0,15.604498594189318
79787,367.0,15.604498594189318
79856,368.0,15.543071161048688
79927,368.0,15.543071161048688
79996,369.0,15.481758652946677
80066,368.0,15.543071161048688
80137,369.0,15.481758652946677
80206,368.0,15.543071161048688
80277,369.0,15.481758652946677
80347,367.0,15.604498594189318
80417,369.0,15.481758652946677
80487,367.0,15.604498594189318
80557,368.0,15.543071161048688
80627,369.0,15.481758652946677
80697,370.0,15.42056074766355
80768,370.0,15.42056074766355
80837,371.0,15.359477124183007
80908,371.0,15.359477124183007
80977,372.0,15.298507462686565
81047,371.0,15.359477124183007
81118,372.0,15.298507462686565
81187,371.0,15.359477124183007
81258,373.0,15.237651444547996
81328,372.0,15.298507462686565
81397,373.0,15.237651444547996
81468,372.0,15.298507462686565
81538,373.0,15.237651444547996
81608,373.0,15.237651444547996
81678,374.0,15.176908752327746
81748,374.0,15.176908752327746
81818,374.0,15.176908752327746
81888,374.0,15.176908752327746
81958,374.0,15.176908752327746
82028,374.0,15.176908752327746
82099,375.0,15.116279069767442
82168,375.0,15.116279069767442
82239,374.0,15.176908752327746
82309,374.0,15.176908752327746
82378,374.0,15.176908752327746
82449,374.0,15.176908752327746
82519,374.0,15.176908752327746
82589,374.0,15.176908752327746
82659,374.0,15.176908752327746
82728,375.0,15.116279069767442
82799,374.0,15.176908752327746
82869,375.0,15.116279069767442
82939,374.0,15.176908752327746
83009,375.0,15.116279069767442
83080,374.0,15.176908752327746
83149,375.0,15.116279069767442
83219,374.0,15.176908752327746
83290,376.0,15.055762081784389
83359,374.0,15.176908752327746
83430,375.0,15.116279069767442
83500,375.0,15.116279069767442
83570,376.0,15.055762081784389
83640,375.0,15.116279069767442
83709,376.0,15.055762081784389
83780,375.0,15.116279069767442
83850,376.0,15.055762081784389
83920,375.0,15.116279069767442
83990,376.0,15.055762081784389
84060,375.0,15.116279069767442
84130,376.0,15.055762081784389
84200,375.0,15.116279069767442
84271,376.0,15.055762081784389
84340,375.0,15.116279069767442
84411,376.0,15.055762081784389
84481,375.0,15.116279069767442
84550,376.0,15.055762081784389
84621,376.0,15.055762081784389
84690,376.0,15.055762081784389
84761,376.0,15.055762081784389
84831,377.0,14.995357474466111
84901,376.0,15.055762081784389
84971,377.0,14.995357474466111
85041,376.0,15.055762081784389
85111,377.0,14.995357474466111
85181,377.0,14.995357474466111
85252,377.0,14.995357474466111
85321,377.0,14.995357474466111
85391,377.0,14.995357474466111
85462,377.0,14.995357474466111
85531,377.0,14.995357474466111
85602,377.0,14.995357474466111
85671,377.0,14.995357474466111
85742,377.0,14.995357474466111
85812,377.0,14.995357474466111
85881,377.0,14.995357474466111
85952,377.0,14.995357474466111
86022,377.0,14.995357474466111
86092,377.0,14.995357474466111
86162,377.0,14.995357474466111
86233,377.0,14.995357474466111
86302,377.0,14.995357474466111
86372,377.0,14.995357474466111
86443,377.0,14.995357474466111
86512,377.0,14.995357474466111
86583,377.0,14.995357474466111
86652,377.0,14.995357474466111
86722,377.0,14.995357474466111
86793,377.0,14.995357474466111
86862,377.0,14.995357474466111
86933,377.0,14.995357474466111
87003,377.0,14.995357474466111
87073,377.0,14.995357474466111
87143,377.0,14.995357474466111
87213,377.0,14.995357474466111
87283,378.0,14.935064935064936
87353,377.0,14.995357474466111
87424,378.0,14.935064935064936
87493,377.0,14.995357474466111
87564,378.0,14.935064935064936
87633,377.0,14.995357474466111
87703,378.0,14.935064935064936
87774,377.0,14.995357474466111
87843,378.0,14.935064935064936
87914,377.0,14.995357474466111
87984,378.0,14.935064935064936
88053,377.0,14.995357474466111
88124,378.0,14.935064935064936
88194,377.0,14.995357474466111
88264,378.0,14.935064935064936
88334,377.0,14.995357474466111
88404,377.0,14.995357474466111
88474,377.0,14.995357474466111
88544,378.0,14.935064935064936
88614,376.0,15.055762081784389
88684,377.0,14.995357474466111
88755,377.0,14.995357474466111
88824,377.0,14.995357474466111
88895,376.0,15.055762081784389
88965,377.0,14.995357474466111
89034,376.0,15.055762081784389
89105,377.0,14.995357474466111
89175,376.0,15.055762081784389
89245,377.0,14.995357474466111
89315,376.0,15.055762081784389
89384,377.0,14.995357474466111
89455,376.0,15.055762081784389
89525,377.0,14.995357474466111
89595,377.0,14.995357474466111
89665,377.0,14.995357474466111
89736,377.0,14.995357474466111
89805,377.0,14.995357474466111
89875,377.0,14.995357474466111
89946,378.0,14.935064935064936
90015,378.0,14.935064935064936
90086,378.0,14.935064935064936
90156,378.0,14.935064935064936
90226,378.0,14.935064935064936
90296,378.0,14.935064935064936
90365,378.0,14.935064935064936
90436,379.0,14.874884151992585
90506,378.0,14.935064935064936
90576,379.0,14.874884151992585
90646,379.0,14.874884151992585
90716,379.0,14.874884151992585
90786,379.0,14.874884151992585
90856,379.0,14.874884151992585
90927,379.0,14.874884151992585
90996,379.0,14.874884151992585
91067,379.0,14.874884151992585
91137,380.0,14.814814814814815
91206,379.0,14.874884151992585
91277,380.0,14.814814814814815
91346,379.0,14.874884151992585
91417,380.0,14.814814814814815
91487,380.0,14.814814814814815
91557,380.0,14.814814814814815
91627,380.0,14.814814814814815
91697,381.0,14.754856614246068
91767,380.0,14.814814814814815
91837,381.0,14.754856614246068
91908,380.0,14.814814814814815
91977,381.0,14.754856614246068
92047,380.0,14.814814814814815
92118,381.0,14.754856614246068
92187,380.0,14.814814814814815
92258,381.0,14.754856614246068
92327,380.0,14.814814814814815
92398,381.0,14.754856614246068
92468,380.0,14.814814814814815
92537,381.0,14.754856614246068
92608,380.0,14.814814814814815
92678,381.0,14.754856614246068
92748,380.0,14.814814814814815
92818,381.0,14.754856614246068
92889,381.0,14.754856614246068
92958,382.0,14.695009242144177
93028,381.0,14.754856614246068
93099,382.0,14.695009242144177
93168,381.0,14.754856614246068
93239,382.0,14.695009242144177
93308,381.0,14.754856614246068
93378,382.0,14.695009242144177
93449,381.0,14.754856614246068
93518,382.0,14.695009242144177
93589,382.0,14.695009242144177
93659,382.0,14.695009242144177
93729,382.0,14.695009242144177
93799,382.0,14.695009242144177
93869,382.0,14.695009242144177
93939,382.0,14.695009242144177
94009,383.0,14.635272391505078
94080,383.0,14.635272391505078
94149,383.0,14.635272391505078
94220,382.0,14.695009242144177
94289,383.0,14.635272391505078
94359,383.0,14.635272391505078
94430,383.0,14.635272391505078
94499,382.0,14.695009242144177
94570,383.0,14.635272391505078
94640,383.0,14.635272391505078
94709,383.0,14.635272391505078
94780,383.0,14.635272391505078
94850,384.0,14.575645756457565
94920,383.0,14.635272391505078
94990,384.0,14.575645756457565
95060,383.0,14.635272391505078
95130,383.0,14.635272391505078
95200,383.0,14.635272391505078
95270,384.0,14.575645756457565
95340,383.0,14.635272391505078
95411,383.0,14.635272391505078
95480,383.0,14.635272391505078
95551,384.0,14.575645756457565
95621,382.0,14.695009242144177
95690,383.0,14.635272391505078
95761,383.0,14.635272391505078
95831,384.0,14.575645756457565
95901,383.0,14.635272391505078
95971,383.0,14.635272391505078
96040,383.0,14.635272391505078
96111,383.0,14.635272391505078
96181,383.0,14.635272391505078
96251,384.0,14.575645756457565
96321,383.0,14.635272391505078
96392,384.0,14.575645756457565
96461,383.0,14.635272391505078
96531,384.0,14.575645756457565
96602,384.0,14.575645756457565
96671,384.0,14.575645756457565
96742,384.0,14.575645756457565
96812,384.0,14.575645756457565
96882,384.0,14.575645756457565
96952,385.0,14.516129032258064
97021,384.0,14.575645756457565
97092,385.0,14.516129032258064
97162,384.0,14.575645756457565
97232,385.0,14.516129032258064
97302,385.0,14.516129032258064
97372,385.0,14.516129032258064
97442,385.0,14.516129032258064
97512,385.0,14.516129032258064
97583,385.0,14.516129032258064
97652,385.0,14.516129032258064
97723,386.0,14.456721915285451
97793,385.0,14.516129032258064
97862,385.0,14.516129032258064
97933,385.0,14.516129032258064
98002,385.0,14.516129032258064
98073,385.0,14.516129032258064
98143,386.0,14.456721915285451
98213,385.0,14.516129032258064
98283,386.0,14.456721915285451
98353,385.0,14.516129032258064
98423,386.0,14.456721915285451
98493,385.0,14.516129032258064
98564,386.0,14.456721915285451
98633,386.0,14.456721915285451
98703,386.0,14.456721915285451
98774,386.0,14.456721915285451
98843,387.0,14.397424103035878
98914,386.0,14.456721915285451
98983,387.0,14.397424103035878
99054,386.0,14.456721915285451
99124,386.0,14.456721915285451
99193,386.0,14.456721915285451
99264,387.0,14.397424103035878
99334,386.0,14.456721915285451
99404,387.0,14.397424103035878
99474,386.0,14.456721915285451
99545,387.0,14.397424103035878
99614,386.0,14.456721915285451
99684,387.0,14.397424103035878
99755,387.0,14.397424103035878
99824,388.0,14.338235294117645
99895,387.0,14.397424103035878
99964,387.0,14.397424103035878
100036,387.0,14.397424103035878
100111,387.0,14.397424103035878
100185,388.0,14.338235294117645
100258,387.0,14.397424103035878
100333,387.0,14.397424103035878
100407,387.0,14.397424103035878
100482,388.0,14.338235294117645
100555,388.0,14.338235294117645
100629,388.0,14.338235294117645
100704,388.0,14.338235294117645
100777,388.0,14.338235294117645
100852,387.0,14.397424103035878
100926,388.0,14.338235294117645
101000,388.0,14.338235294117645
101074,388.0,14.338235294117645
101148,388.0,14.338235294117645
101223,389.0,14.279155188246097
101297,389.0,14.279155188246097
101371,388.0,14.338235294117645
101445,389.0,14.279155188246097
101520,389.0,14.279155188246097
101594,389.0,14.279155188246097
101668,388.0,14.338235294117645
101742,389.0,14.279155188246097
101817,389.0,14.279155188246097
101891,388.0,14.338235294117645
101965,388.0,14.338235294117645
102039,388.0,14.338235294117645
102114,388.0,14.338235294117645
102189,387.0,14.397424103035878
102262,387.0,14.397424103035878
102337,387.0,14.397424103035878
102412,386.0,14.456721915285451
102486,386.0,14.456721915285451
102559,386.0,14.456721915285451
102634,387.0,14.397424103035878
102708,385.0,14.516129032258064
102781,386.0,14.456721915285451
102856,386.0,14.456721915285451
102930,386.0,14.456721915285451
103004,386.0,14.456721915285451
103078,386.0,14.456721915285451
103152,386.0,14.456721915285451
103227,385.0,14.516129032258064
103301,386.0,14.456721915285451
103374,387.0,14.397424103035878
103449,386.0,14.456721915285451
103523,386.0,14.456721915285451
103597,387.0,14.397424103035878
103671,387.0,14.397424103035878
103745,387.0,14.397424103035878
103819,387.0,14.397424103035878
103894,387.0,14.397424103035878
103967,387.0,14.397424103035878
104041,387.0,14.397424103035878
104116,388.0,14.338235294117645
104189,388.0,14.338235294117645
104264,387.0,14.397424103035878
104338,388.0,14.338235294117645
104412,388.0,14.338235294117645
104486,387.0,14.397424103035878
104560,387.0,14.397424103035878
104634,389.0,14.279155188246097
104709,388.0,14.338235294117645
104782,387.0,14.397424103035878
104856,388.0,14.338235294117645
104931,389.0,14.279155188246097
105005,387.0,14.397424103035878
105078,388.0,14.338235294117645
105153,389.0,14.279155188246097
105227,388.0,14.338235294117645
105302,388.0,14.338235294117645
105375,389.0,14.279155188246097
105449,389.0,14.279155188246097
105524,388.0,14.338235294117645
105597,389.0,14.279155188246097
105671,389.0,14.279155188246097
105746,389.0,14.279155188246097
105820,389.0,14.279155188246097
105893,389.0,14.279155188246097
105968,390.0,14.220183486238533
106042,389.0,14.279155188246097
106117,389.0,14.279155188246097
106190,390.0,14.220183486238533
106264,390.0,14.220183486238533
106339,388.0,14.338235294117645
106413,389.0,14.279155188246097
106486,388.0,14.338235294117645
106561,386.0,14.456721915285451
106635,385.0,14.516129032258064
106708,384.0,14.575645756457565
106783,383.0,14.635272391505078
106857,381.0,14.754856614246068
106931,381.0,14.754856614246068
107005,380.0,14.814814814814815
107079,378.0,14.935064935064936
107154,376.0,15.055762081784389
107228,376.0,15.055762081784389
107301,374.0,15.176908752327746
107376,374.0,15.176908752327746
107450,373.0,15.237651444547996
107524,373.0,15.237651444547996
107598,371.0,15.359477124183007
107672,370.0,15.42056074766355
107747,370.0,15.42056074766355
107821,369.0,15.481758652946677
107894,368.0,15.543071161048688
107969,369.0,15.481758652946677
108043,369.0,15.481758652946677
108116,369.0,15.481758652946677
108191,369.0,15.481758652946677
108265,370.0,15.42056074766355
108339,370.0,15.42056074766355
108413,370.0,15.42056074766355
108487,371.0,15.359477124183007
108561,371.0,15.359477124183007
108636,370.0,15.42056074766355
108709,371.0,15.359477124183007
108784,371.0,15.359477124183007
108858,371.0,15.359477124183007
108932,371.0,15.359477124183007
109006,371.0,15.359477124183007
109080,372.0,15.298507462686565
109154,370.0,15.42056074766355
109229,370.0,15.42056074766355
109302,371.0,15.359477124183007
109376,370.0,15.42056074766355
109451,369.0,15.481758652946677
109524,370.0,15.42056074766355
109599,370.0,15.42056074766355
109673,368.0,15.543071161048688
109747,368.0,15.543071161048688
109821,368.0,15.543071161048688
109895,368.0,15.543071161048688
109969,367.0,15.604498594189318
110044,367.0,15.604498594189318
110117,367.0,15.604498594189318
110191,365.0,15.727699530516432
110266,365.0,15.727699530516432
110340,365.0,15.727699530516432
110414,364.0,15.789473684210526
110488,363.0,15.851364063969896
110562,364.0,15.789473684210526
110637,364.0,15.789473684210526
110710,363.0,15.851364063969896
110784,363.0,15.851364063969896
110859,364.0,15.789473684210526
110932,363.0,15.851364063969896
111006,362.0,15.913370998116761
111081,362.0,15.913370998116761
111155,361.0,15.97549481621112
111229,360.0,16.037735849056602
111303,360.0,16.037735849056602
111378,359.0,16.100094428706328
111452,358.0,16.162570888468807
111526,357.0,16.225165562913908
111600,356.0,16.287878787878785
111675,356.0,16.287878787878785
111749,355.0,16.35071090047393
111823,354.0,16.413662239089184
111898,355.0,16.35071090047393
111972,354.0,16.413662239089184
112047,353.0,16.47673314339981
112120,353.0,16.47673314339981
112194,353.0,16.47673314339981
112269,352.0,16.539923954372625
112343,352.0,16.539923954372625
112416,352.0,16.539923954372625
112491,352.0,16.539923954372625
112565,352.0,16.539923954372625
112640,352.0,16.539923954372625
112713,352.0,16.539923954372625
112787,352.0,16.539923954372625
112862,352.0,16.539923954372625
112935,352.0,16.539923954372625
113009,352.0,16.539923954372625
113084,350.0,16.666666666666668
113158,351.0,16.603235014272123
113232,351.0,16.603235014272123
113306,350.0,16.666666666666668
113380,350.0,16.666666666666668
113455,350.0,16.666666666666668
113528,350.0,16.666666666666668
113602,349.0,16.7302192564347
113677,350.0,16.666666666666668
113751,349.0,16.7302192564347
113824,349.0,16.7302192564347
113899,349.0,16.7302192564347
113973,350.0,16.666666666666668
114048,351.0,16.603235014272123
114121,350.0,16.666666666666668
114195,351.0,16.603235014272123
114270,352.0,16.539923954372625
114343,351.0,16.603235014272123
114417,351.0,16.603235014272123
114492,352.0,16.539923954372625
114566,352.0,16.539923954372625
114640,352.0,16.539923954372625
114714,353.0,16.47673314339981
114788,353.0,16.47673314339981
114863,353.0,16.47673314339981
114936,353.0,16.47673314339981
115011,354.0,16.413662239089184
115085,355.0,16.35071090047393
115160,354.0,16.413662239089184
115234,355.0,16.35071090047393
115308,355.0,16.35071090047393
115382,355.0,16.35071090047393
115457,355.0,16.35071090047393
115530,356.0,16.287878787878785
115604,357.0,16.225165562913908
115679,357.0,16.225165562913908
115752,357.0,16.225165562913908
115827,358.0,16.162570888468807
115901,358.0,16.162570888468807
115975,357.0,16.225165562913908
116049,358.0,16.162570888468807
116123,359.0,16.100094428706328
116197,359.0,16.100094428706328
116272,359.0,16.100094428706328
116345,360.0,16.037735849056602
116419,360.0,16.037735849056602
116494,360.0,16.037735849056602
116568,361.0,15.97549481621112
116641,361.0,15.97549481621112
116716,360.0,16.037735849056602
116790,361.0,15.97549481621112
116865,361.0,15.97549481621112
116938,361.0,15.97549481621112
117012,361.0,15.97549481621112
117087,362.0,15.913370998116761
117160,362.0,15.913370998116761
117234,361.0,15.97549481621112
117309,362.0,15.913370998116761
117383,362.0,15.913370998116761
117457,362.0,15.913370998116761
117531,362.0,15.913370998116761
117606,362.0,15.913370998116761
117680,362.0,15.913370998116761
117753,362.0,15.913370998116761
117828,362.0,15.913370998116761
117902,363.0,15.851364063969896
117977,363.0,15.851364063969896
118050,362.0,15.913370998116761
118124,363.0,15.851364063969896
118199,363.0,15.851364063969896
118273,362.0,15.913370998116761
118346,362.0,15.913370998116761
118421,362.0,15.913370998116761
118495,362.0,15.913370998116761
118569,362.0,15.913370998116761
118643,362.0,15.913370998116761
118717,363.0,15.851364063969896
118792,362.0,15.913370998116761
118865,362.0,15.913370998116761
118939,363.0,15.851364063969896
119014,363.0,15.851364063969896
119088,362.0,15.913370998116761
119162,363.0,15.851364063969896
119236,363.0,15.851364063969896
119311,363.0,15.851364063969896
119385,362.0,15.913370998116761
119458,363.0,15.851364063969896
119533,363.0,15.851364063969896
119607,362.0,15.913370998116761
119682,363.0,15.851364063969896
119755,363.0,15.851364063969896
119830,362.0,15.913370998116761
119904,362.0,15.913370998116761
119979,363.0,15.851364063969896
120053,363.0,15.851364063969896
120127,362.0,15.913370998116761
120201,362.0,15.913370998116761
120275,362.0,15.913370998116761
120349,362.0,15.913370998116761
120423,362.0,15.913370998116761
120498,363.0,15.851364063969896
120571,363.0,15.851364063969896
120645,362.0,15.913370998116761
120720,363.0,15.851364063969896
120794,363.0,15.851364063969896
120868,363.0,15.851364063969896
120942,362.0,15.913370998116761
121016,363.0,15.851364063969896
121091,363.0,15.851364063969896
121164,363.0,15.851364063969896
121238,363.0,15.851364063969896
121313,364.0,15.789473684210526
121387,363.0,15.851364063969896
121461,364.0,15.789473684210526
121536,364.0,15.789473684210526
121610,364.0,15.789473684210526
121683,364.0,15.789473684210526
121758,364.0,15.789473684210526
121832,365.0,15.727699530516432
121907,365.0,15.727699530516432
121980,364.0,15.789473684210526
122054,365.0,15.727699530516432
122129,365.0,15.727699530516432
122203,364.0,15.789473684210526
122276,365.0,15.727699530516432
122351,365.0,15.727699530516432
122425,365.0,15.727699530516432
122500,364.0,15.789473684210526
122573,365.0,15.727699530516432
122648,366.0,15.666041275797374
122722,364.0,15.789473684210526
122797,364.0,15.789473684210526
122870,365.0,15.727699530516432
122944,365.0,15.727699530516432
123019,363.0,15.851364063969896
123092,364.0,15.789473684210526
123167,364.0,15.789473684210526
123241,363.0,15.851364063969896
123315,363.0,15.851364063969896
123389,363.0,15.851364063969896
123463,363.0,15.851364063969896
123537,362.0,15.913370998116761
123612,362.0,15.913370998116761
123685,362.0,15.913370998116761
123759,362.0,15.913370998116761
123834,362.0,15.913370998116761
123908,362.0,15.913370998116761
123981,362.0,15.913370998116761
124056,361.0,15.97549481621112
124130,362.0,15.913370998116761
124205,362.0,15.913370998116761
124278,362.0,15.913370998116761
124352,362.0,15.913370998116761
124427,363.0,15.851364063969896
124500,363.0,15.851364063969896
124574,362.0,15.913370998116761
124649,363.0,15.851364063969896
124723,363.0,15.851364063969896
124797,363.0,15.851364063969896
124871,363.0,15.851364063969896
124945,364.0,15.789473684210526
125020,364.0,15.789473684210526
125093,363.0,15.851364063969896
125167,364.0,15.789473684210526
125242,365.0,15.727699530516432
125316,364.0,15.789473684210526
125389,364.0,15.789473684210526
125464,365.0,15.727699530516432
125538,365.0,15.727699530516432
125613,364.0,15.789473684210526
125686,365.0,15.727699530516432
125760,365.0,15.727699530516432
125835,365.0,15.727699530516432
125908,365.0,15.727699530516432
125982,365.0,15.727699530516432
126057,365.0,15.727699530516432
126131,364.0,15.789473684210526
126204,365.0,15.727699530516432
126279,365.0,15.727699530516432
126353,364.0,15.789473684210526
126428,364.0,15.789473684210526
126501,365.0,15.727699530516432
126576,365.0,15.727699530516432
126650,364.0,15.789473684210526
126724,364.0,15.789473684210526
126798,365.0,15.727699530516432
126872,364.0,15.789473684210526
126946,364.0,15.789473684210526
127021,365.0,15.727699530516432
127094,365.0,15.727699530516432
127169,365.0,15.727699530516432
127243,365.0,15.727699530516432
127318,366.0,15.666041275797374
127391,365.0,15.727699530516432
127466,365.0,15.727699530516432
127541,366.0,15.666041275797374
127614,366.0,15.666041275797374
127689,365.0,15.727699530516432
127763,366.0,15.666041275797374
127838,366.0,15.666041275797374
127912,366.0,15.666041275797374
127986,366.0,15.666041275797374
128061,366.0,15.666041275797374
128135,366.0,15.666041275797374
128209,366.0,15.666041275797374
128283,366.0,15.666041275797374
128357,367.0,15.604498594189318
128432,367.0,15.604498594189318
128505,366.0,15.666041275797374
128579,367.0,15.604498594189318
128654,367.0,15.604498594189318
128728,367.0,15.604498594189318
128801,367.0,15.604498594189318
128876,367.0,15.604498594189318
128950,367.0,15.604498594189318
129024,366.0,15.666041275797374
129098,366.0,15.666041275797374
129172,366.0,15.666041275797374
129247,365.0,15.727699530516432
129320,364.0,15.789473684210526
129394,365.0,15.727699530516432
129469,364.0,15.789473684210526
129543,363.0,15.851364063969896
129616,362.0,15.913370998116761
129691,362.0,15.913370998116761
129765,362.0,15.913370998116761
129839,360.0,16.037735849056602
129913,361.0,15.97549481621112
129987,360.0,16.037735849056602
130061,359.0,16.100094428706328
130136,360.0,16.037735849056602
130209,360.0,16.037735849056602
130284,359.0,16.100094428706328
130358,359.0,16.100094428706328
130432,360.0,16.037735849056602
130506,359.0,16.100094428706328
130580,358.0,16.162570888468807
130654,359.0,16.100094428706328
130728,359.0,16.100094428706328
130802,359.0,16.100094428706328
130876,359.0,16.100094428706328
130951,359.0,16.100094428706328
131024,360.0,16.037735849056602
131098,359.0,16.100094428706328
131173,359.0,16.100094428706328
131247,360.0,16.037735849056602
131321,359.0,16.100094428706328
131395,359.0,16.100094428706328
131469,360.0,16.037735849056602
131544,360.0,16.037735849056602
131617,359.0,16.100094428706328
131691,359.0,16.100094428706328
131766,360.0,16.037735849056602
131840,360.0,16.037735849056602
131914,359.0,16.100094428706328
131988,360.0,16.037735849056602
132062,360.0,16.037735849056602
132136,359.0,16.100094428706328
132210,360.0,16.037735849056602
132284,360.0,16.037735849056602
132359,360.0,16.037735849056602
132432,360.0,16.037735849056602
132506,361.0,15.97549481621112
132581,361.0,15.97549481621112
132655,360.0,16.037735849056602
132728,361.0,15.97549481621112
132803,361.0,15.97549481621112
132877,361.0,15.97549481621112
132952,360.0,16.037735849056602
133025,361.0,15.97549481621112
133099,362.0,15.913370998116761
133174,361.0,15.97549481621112
133248,361.0,15.97549481621112
133321,362.0,15.913370998116761
133396,362.0,15.913370998116761
133470,362.0,15.913370998116761
133543,362.0,15.913370998116761
133618,363.0,15.851364063969896
133692,362.0,15.913370998116761
133767,362.0,15.913370998116761
133840,363.0,15.851364063969896
133914,363.0,15.851364063969896
133989,362.0,15.913370998116761
134063,363.0,15.851364063969896
134136,363.0,15.851364063969896
134211,363.0,15.851364063969896
134285,363.0,15.851364063969896
134359,364.0,15.789473684210526
134433,364.0,15.789473684210526
134507,363.0,15.851364063969896
134582,364.0,15.789473684210526
134656,364.0,15.789473684210526
134729,364.0,15.789473684210526
134804,364.0,15.789473684210526
134878,365.0,15.727699530516432
134951,364.0,15.789473684210526
135026,364.0,15.789473684210526
135100,365.0,15.727699530516432
135174,365.0,15.727699530516432
135248,364.0,15.789473684210526
135322,364.0,15.789473684210526
135396,365.0,15.727699530516432
135471,365.0,15.727699530516432
135544,364.0,15.789473684210526
135619,365.0,15.727699530516432
135693,365.0,15.727699530516432
135767,364.0,15.789473684210526
135841,365.0,15.727699530516432
135915,365.0,15.727699530516432
135989,365.0,15.727699530516432
136064,365.0,15.727699530516432
136137,366.0,15.666041275797374
136212,366.0,15.666041275797374
136286,365.0,15.727699530516432
136359,365.0,15.727699530516432
136434,366.0,15.666041275797374
136508,366.0,15.666041275797374
136582,365.0,15.727699530516432
136656,366.0,15.666041275797374
136730,366.0,15.666041275797374
136804,366.0,15.666041275797374
136879,366.0,15.666041275797374
136952,366.0,15.666041275797374
137026,366.0,15.666041275797374
137101,366.0,15.666041275797374
137175,366.0,15.666041275797374
137249,366.0,15.666041275797374
137323,366.0,15.666041275797374
137397,366.0,15.666041275797374
137472,367.0,15.604498594189318
137545,367.0,15.604498594189318
137620,366.0,15.666041275797374
137694,367.0,15.604498594189318
137767,367.0,15.604498594189318
137842,367.0,15.604498594189318
137916,367.0,15.604498594189318
137990,367.0,15.604498594189318
138064,367.0,15.604498594189318
138138,367.0,15.604498594189318
138212,367.0,15.604498594189318
138287,368.0,15.543071161048688
138360,367.0,15.604498594189318
138435,367.0,15.604498594189318
138509,367.0,15.604498594189318
138583,368.0,15.543071161048688
138657,367.0,15.604498594189318
138731,367.0,15.604498594189318
138805,367.0,15.604498594189318
138880,367.0,15.604498594189318
138953,366.0,15.666041275797374
139027,368.0,15.543071161048688
139102,367.0,15.604498594189318
139175,366.0,15.666041275797374
139250,366.0,15.666041275797374
139324,367.0,15.604498594189318
139399,366.0,15.666041275797374
139472,366.0,15.666041275797374
139546,366.0,15.666041275797374
139621,367.0,15.604498594189318
139695,365.0,15.727699530516432
139769,366.0,15.666041275797374
139843,366.0,15.666041275797374
139917,365.0,15.727699530516432
139992,365.0,15.727699530516432
140065,366.0,15.666041275797374
140140,365.0,15.727699530516432
140214,364.0,15.789473684210526
140288,365.0,15.727699530516432
140362,365.0,15.727699530516432
140436,365.0,15.727699530516432
140511,365.0,15.727699530516432
140584,365.0,15.727699530516432
140659,366.0,15.666041275797374
140733,365.0,15.727699530516432
140808,365.0,15.727699530516432
140881,366.0,15.666041275797374
140956,366.0,15.666041275797374
141030,366.0,15.666041275797374
141104,366.0,15.666041275797374
141178,366.0,15.666041275797374
141252,366.0,15.666041275797374
141327,366.0,15.666041275797374
141401,367.0,15.604498594189318
141474,367.0,15.604498594189318
141549,366.0,15.666041275797374
141623,367.0,15.604498594189318
141697,368.0,15.543071161048688
141771,367.0,15.604498594189318
141845,367.0,15.604498594189318
141919,367.0,15.604498594189318
141993,367.0,15.604498594189318
142067,367.0,15.604498594189318
142142,367.0,15.604498594189318
142216,368.0,15.543071161048688
142289,367.0,15.604498594189318
142364,367.0,15.604498594189318
142438,368.0,15.543071161048688
142513,368.0,15.543071161048688
142586,367.0,15.604498594189318
142661,367.0,15.604498594189318
142735,368.0,15.543071161048688
142809,368.0,15.543071161048688
142883,367.0,15.604498594189318
142957,368.0,15.543071161048688
143032,369.0,15.481758652946677
143106,367.0,15.604498594189318
143180,368.0,15.543071161048688
143254,367.0,15.604498594189318
143329,368.0,15.543071161048688
143404,367.0,15.604498594189318
143477,367.0,15.604498594189318
143551,367.0,15.604498594189318
143626,366.0,15.666041275797374
143699,366.0,15.666041275797374
143773,366.0,15.666041275797374
143848,366.0,15.666041275797374
143922,364.0,15.789473684210526
143996,365.0,15.727699530516432
144070,365.0,15.727699530516432
144144,364.0,15.789473684210526
144219,364.0,15.789473684210526
144292,364.0,15.789473684210526
144366,363.0,15.851364063969896
144441,363.0,15.851364063969896
144515,364.0,15.789473684210526
144589,363.0,15.851364063969896
144663,363.0,15.851364063969896
144737,362.0,15.913370998116761
144812,363.0,15.851364063969896
144885,362.0,15.913370998116761
144959,361.0,15.97549481621112
145034,361.0,15.97549481621112
145107,361.0,15.97549481621112
145181,360.0,16.037735849056602
145256,359.0,16.100094428706328
145330,359.0,16.100094428706328
145403,358.0,16.162570888468807
145478,356.0,16.287878787878785
145552,356.0,16.287878787878785
145627,356.0,16.287878787878785
145700,354.0,16.413662239089184
145775,354.0,16.413662239089184
145849,353.0,16.47673314339981
145923,352.0,16.539923954372625
145997,351.0,16.603235014272123
146071,350.0,16.666666666666668
146145,350.0,16.666666666666668
146220,349.0,16.7302192564347
146293,348.0,16.793893129770993
146368,348.0,16.793893129770993
146442,348.0,16.793893129770993
146515,347.0,16.857688634192936
146590,348.0,16.793893129770993
146664,348.0,16.793893129770993
146738,348.0,16.793893129770993
146812,348.0,16.793893129770993
146886,349.0,16.7302192564347
146961,348.0,16.793893129770993
147035,348.0,16.793893129770993
147109,347.0,16.857688634192936
147183,348.0,16.793893129770993
147258,347.0,16.857688634192936
147332,347.0,16.857688634192936
147405,347.0,16.857688634192936
147480,347.0,16.857688634192936
147554,345.0,16.985645933014357
147628,346.0,16.921606118546844
147702,345.0,16.985645933014357
147776,344.0,17.049808429118773
147851,344.0,17.049808429118773
147924,343.0,17.114093959731544
147998,343.0,17.114093959731544
148073,342.0,17.178502879078696
148147,342.0,17.178502879078696
148221,342.0,17.178502879078696
148295,341.0,17.243035542747357
