EDA_Raw,EDA_Clean,EDA_Tonic,EDA_Phasic,SCR_Onsets,SCR_Peaks,SCR_Height,SCR_Amplitude,SCR_RiseTime,SCR_Recovery,SCR_RecoveryTime
3.929121725731895,3.929137981060971,3.99658230950488,-0.06785038658818188,0,0,0.0,0.0,0.0,0,0.0
10.606060606060606,9.464708115319672,4.158414030491051,5.305922958220416,0,0,0.0,0.0,0.0,0,0.0
14.456721915285451,13.928499483435488,4.3201988059709935,9.607965359657577,0,0,0.0,0.0,0.0,0,0.0
16.539923954372625,16.75616823073854,4.481898351736344,12.273971258033274,0,0,0.0,0.0,0.0,0,0.0
17.56756756756757,18.056670318583247,4.643474921343259,13.412934371937641,0,0,0.0,0.0,0.0,0,0.0
18.09338521400778,18.382430437273285,4.804891470875278,13.57731644640083,0,1,13.57731644640083,,,0,0.0
18.359375,18.336434629463266,4.966111743610945,13.37013979162481,0,0,0.0,0.0,0.0,0,0.0
18.493150684931507,18.29503087903459,5.1271002973328486,13.167787844547803,0,0,0.0,0.0,0.0,0,0.0
18.493150684931507,18.360532916632387,5.287822502988952,13.072608975717493,0,0,0.0,0.0,0.0,0,0.0
18.493150684931507,18.474197751989728,5.448244535915496,13.025894030389912,0,0,0.0,0.0,0.0,0,0.0
18.493150684931507,18.553919917141737,5.608333368776149,12.945570578801858,0,0,0.0,0.0,0.0,0,0.0
18.560235063663075,18.56820304977707,5.76805676649814,12.800174504583664,0,0,0.0,0.0,0.0,0,0.0
18.493150684931507,18.537336037883033,5.9273832804256905,12.610026155248285,0,0,0.0,0.0,0.0,0,0.0
18.493150684931507,18.49908120536,6.086282239952826,12.412918536170164,0,0,0.0,0.0,0.0,0,0.0
18.493150684931507,18.47805805359844,6.2447237419773325,12.233501062705598,0,0,0.0,0.0,0.0,0,0.0
18.493150684931507,18.47677101669383,6.4026786396131685,12.074307326692406,0,0,0.0,0.0,0.0,0,0.0
18.493150684931507,18.484757682054735,6.560118531375578,11.924903327870013,0,0,0.0,0.0,0.0,0,0.0
18.493150684931507,18.492303295436656,6.717015751220081,11.775601988871404,0,0,0.0,0.0,0.0,0,0.0
18.493150684931507,18.497517604408028,6.873343359174935,11.62454000805364,0,0,0.0,0.0,0.0,0,0.0
18.493150684931507,18.504255784564663,7.029075132183133,11.47559879486723,0,0,0.0,0.0,0.0,0,0.0
18.493150684931507,18.51585799973241,7.184185554996094,11.332144039162017,0,0,0.0,0.0,0.0,0,0.0
18.560235063663075,18.531473747301717,7.338649811190565,11.193350065501594,0,0,0.0,0.0,0.0,0,0.0
18.560235063663075,18.54768426897706,7.49244377441206,11.055822252666097,0,0,0.0,0.0,0.0,0,0.0
18.560235063663075,18.562309598630424,7.64554399983212,10.917404090045066,0,0,0.0,0.0,0.0,0,0.0
18.560235063663075,18.575522712201597,7.797927715710036,10.778291335972632,0,0,0.0,0.0,0.0,0,0.0
18.560235063663075,18.58744499157566,7.949572814958522,10.638627490035898,0,0,0.0,0.0,0.0,0,0.0
18.627450980392155,18.596074725006414,8.1004578466667,10.496432301971845,0,0,0.0,0.0,0.0,0,0.0
18.627450980392155,18.598637250943522,8.250562007537836,10.348951924053152,0,0,0.0,0.0,0.0,0,0.0
18.560235063663075,18.59455483197272,8.399865133155489,10.195628793758583,0,0,0.0,0.0,0.0,0,0.0
18.560235063663075,18.586296881432812,8.5483476889866,10.038951869383196,0,0,0.0,0.0,0.0,0,0.0
18.627450980392155,18.57770718253826,8.69599076111192,9.882783858426656,0,0,0.0,0.0,0.0,0,0.0
18.560235063663075,18.57223081245159,8.842776046793585,9.73058815109425,0,0,0.0,0.0,0.0,0,0.0
18.560235063663075,18.57202052570634,8.988685845064825,9.58453521312613,0,0,0.0,0.0,0.0,0,0.0
18.560235063663075,18.577189176086442,9.133703047522635,9.44475501688007,0,0,0.0,0.0,0.0,0,0.0
18.627450980392155,18.58551092658638,9.277811129433971,9.309038260181264,0,0,0.0,0.0,0.0,0,0.0
18.560235063663075,18.59350103737248,9.420994141157818,9.17391616285745,0,0,0.0,0.0,0.0,0,0.0
18.627450980392155,18.5981745410321,9.56323669977885,9.03641915035016,0,0,0.0,0.0,0.0,0,0.0
18.560235063663075,18.597889116972844,9.704523980788919,8.894919736428166,0,0,0.0,0.0,0.0,0,0.0
18.627450980392155,18.592045674489157,9.84484170966038,8.74883311467635,0,0,0.0,0.0,0.0,0,0.0
18.560235063663075,18.580723726021887,9.98417615320715,8.598252540389733,0,0,0.0,0.0,0.0,0,0.0
18.560235063663075,18.564998857955942,10.122514110689625,8.444266810261695,0,0,0.0,0.0,0.0,0,0.0
18.560235063663075,18.547664247238405,10.259842904677765,8.289681788134368,0,0,0.0,0.0,0.0,0,0.0
18.560235063663075,18.533224675821344,10.39615037175626,8.139014428731613,0,0,0.0,0.0,0.0,0,0.0
18.493150684931507,18.52586659176024,10.531424853237535,7.996462848039653,0,0,0.0,0.0,0.0,0,0.0
18.493150684931507,18.525944422858416,10.66565518609783,7.862392646010562,0,0,0.0,0.0,0.0,0,0.0
18.560235063663075,18.528480876313402,10.79883069429835,7.73183721488257,0,0,0.0,0.0,0.0,0,0.0
18.560235063663075,18.526589146028932,10.930941180479117,7.597919954793177,0,0,0.0,0.0,0.0,0,0.0
18.493150684931507,18.517334888776983,11.061976917817896,7.45771625807719,0,0,0.0,0.0,0.0,0,0.0
18.493150684931507,18.50410479066057,11.19192864179134,7.3146220839631955,0,0,0.0,0.0,0.0,0,0.0
18.493150684931507,18.49326557659279,11.320787541724021,7.175012976498307,0,0,0.0,0.0,0.0,0,0.0
18.493150684931507,18.48890658691066,11.448545252244779,7.042986649700334,0,0,0.0,0.0,0.0,0,0.0
18.493150684931507,18.49039211203716,11.575193844896544,6.917915330604576,0,0,0.0,0.0,0.0,0,0.0
18.493150684931507,18.49370699591095,11.700725820078326,6.795791370746041,0,0,0.0,0.0,0.0,0,0.0
18.493150684931507,18.4944510499961,11.825134099313965,6.672221667894849,0,0,0.0,0.0,0.0,0,0.0
18.493150684931507,18.490136232077962,11.948412017685865,6.544724852412692,0,0,0.0,0.0,0.0,0,0.0
18.493150684931507,18.48073390912814,12.070553316232147,6.413278557714901,0,0,0.0,0.0,0.0,0,0.0
18.426197458455523,18.467745442289583,12.191552134173866,6.279390013022473,0,0,0.0,0.0,0.0,0,0.0
18.493150684931507,18.453037444049425,12.311403000947346,6.144931308496665,0,0,0.0,0.0,0.0,0,0.0
18.426197458455523,18.438634865662365,12.430100828102463,6.01193249075807,0,0,0.0,0.0,0.0,0,0.0
18.426197458455523,18.427283052845574,12.547640901173883,5.883143626704182,0,0,0.0,0.0,0.0,0,0.0
18.426197458455523,18.42247038234982,12.66401887166095,5.76205744809446,0,0,0.0,0.0,0.0,0,0.0
18.426197458455523,18.427300629642694,12.779230749282057,5.651781726972889,0,0,0.0,0.0,0.0,0,0.0
18.426197458455523,18.443114938428387,12.89327289468524,5.5536612524708335,0,0,0.0,0.0,0.0,0,0.0
18.493150684931507,18.469204603545457,13.006142012767354,5.466990620379156,0,0,0.0,0.0,0.0,0,0.0
18.493150684931507,18.503940665032168,13.117835146676232,5.390143833204871,0,0,0.0,0.0,0.0,0,0.0
18.560235063663075,18.546249338709764,13.228349672483171,5.3220497360753,0,0,0.0,0.0,0.0,0,0.0
18.560235063663075,18.596144580422123,13.337683294466766,5.2627245856871845,0,0,0.0,0.0,0.0,0,0.0
18.694798822374878,18.654243515681607,13.445834040958802,5.21278748409983,0,0,0.0,0.0,0.0,0,0.0
18.694798822374878,18.721021117217237,13.552800260741316,5.172715059879328,0,0,0.0,0.0,0.0,0,0.0
18.829891838741396,18.795913724544178,13.658580620010254,5.141944990697409,0,0,0.0,0.0,0.0,0,0.0
18.829891838741396,18.875948102493144,13.763174099906227,5.117505064323004,0,0,0.0,0.0,0.0,0,0.0
18.96551724137931,18.954855249244147,13.866579994540032,5.093126988623313,0,0,0.0,0.0,0.0,0,0.0
19.03353057199211,19.0247115392981,13.968797909312782,5.060887536208025,0,0,0.0,0.0,0.0,0,0.0
19.10167818361303,19.080258308089185,14.069827759199502,5.015528130750741,0,0,0.0,0.0,0.0,0,0.0
19.10167818361303,19.122542298300484,14.169669766632543,4.958095295413735,0,0,0.0,0.0,0.0,0,0.0
19.1699604743083,19.158010645214333,14.268324458760734,4.895035640931665,0,0,0.0,0.0,0.0,0,0.0
19.1699604743083,19.193092809213258,14.365792664120546,4.832777801433682,0,0,0.0,0.0,0.0,0,0.0
19.23837784371909,19.22860954095919,14.462075508963386,4.772141403287657,0,0,0.0,0.0,0.0,0,0.0
19.23837784371909,19.258823162998176,14.557174413478512,4.707387350474181,0,0,0.0,0.0,0.0,0,0.0
19.306930693069305,19.276283084971823,14.651091087936976,4.631063343646144,0,0,0.0,0.0,0.0,0,0.0
19.306930693069305,19.278596008537168,14.743827528539935,4.540774089192317,0,0,0.0,0.0,0.0,0,0.0
19.23837784371909,19.27090986906369,14.835386012700054,4.44166524564489,0,0,0.0,0.0,0.0,0,0.0
19.23837784371909,19.261395117180193,14.925769093675463,4.341904710584192,0,0,0.0,0.0,0.0,0,0.0
19.23837784371909,19.254169695700327,15.014979594748912,4.245607603376822,0,0,0.0,0.0,0.0,0,0.0
19.306930693069305,19.24706460896175,15.1030206032622,4.150601840472006,0,0,0.0,0.0,0.0,0,0.0
19.23837784371909,19.23601201226543,15.189895464695173,4.052816230753454,0,0,0.0,0.0,0.0,0,0.0
19.1699604743083,19.220321972177185,15.275607776768833,3.9515572417292377,0,0,0.0,0.0,0.0,0,0.0
19.23837784371909,19.203128281124705,15.360161383463545,3.8499548201019924,0,0,0.0,0.0,0.0,0,0.0
19.1699604743083,19.187718546109704,15.443560368926398,3.7512924865649517,0,0,0.0,0.0,0.0,0,0.0
19.1699604743083,19.174458957718972,15.525809051364512,3.6559321109108938,0,0,0.0,0.0,0.0,0,0.0
19.1699604743083,19.161132823374704,15.606911977041303,3.561652451277269,0,0,0.0,0.0,0.0,0,0.0
19.1699604743083,19.145655635755894,15.686873914404114,3.466364228430993,0,0,0.0,0.0,0.0,0,0.0
19.10167818361303,19.12814338280274,15.765699848279093,3.370178441568833,0,0,0.0,0.0,0.0,0,0.0
19.10167818361303,19.110362896370816,15.84339497406161,3.274856722772017,0,0,0.0,0.0,0.0,0,0.0
19.10167818361303,19.09358716604499,15.919964691896105,3.1816666566309917,0,0,0.0,0.0,0.0,0,0.0
19.10167818361303,19.077362847955673,15.99541460089689,3.0901492948315132,0,0,0.0,0.0,0.0,0,0.0
19.03353057199211,19.059926702819396,16.069750493452364,2.99853559988157,0,0,0.0,0.0,0.0,0,0.0
19.03353057199211,19.039071963714907,16.142978349592802,2.904612818510092,0,0,0.0,0.0,0.0,0,0.0
19.03353057199211,19.012906755056452,16.215104331338274,2.8064829062827195,0,0,0.0,0.0,0.0,0,0.0
18.96551724137931,18.98104017695155,16.2861347769171,2.703748617731371,0,0,0.0,0.0,0.0,0,0.0
18.96551724137931,18.945855639041657,16.356076194774065,2.5987868461768704,0,0,0.0,0.0,0.0,0,0.0
18.89763779527559,18.912321238962594,16.42493525737712,2.496559008372781,0,0,0.0,0.0,0.0,0,0.0
18.89763779527559,18.88557157570779,16.49271879495852,2.4021928641174837,0,0,0.0,0.0,0.0,0,0.0
18.829891838741396,18.867653222765156,16.559433789424286,2.317727995471552,0,0,0.0,0.0,0.0,0,0.0
18.89763779527559,18.856047418179667,16.625087368654928,2.2406385025093893,0,0,0.0,0.0,0.0,0,0.0
18.829891838741396,18.84537352841786,16.689686801282086,2.165536472396873,0,0,0.0,0.0,0.0,0,0.0
18.829891838741396,18.83092540029722,16.753239491833966,2.087708336164936,0,0,0.0,0.0,0.0,0,0.0
18.829891838741396,18.811189276207646,16.815752976018363,2.0056327886375787,0,0,0.0,0.0,0.0,0,0.0
18.762278978388995,18.787695918863516,16.877234915926643,1.920832917969439,0,0,0.0,0.0,0.0,0,0.0
18.762278978388995,18.76297470625633,16.937693095064517,1.8358303055570842,0,0,0.0,0.0,0.0,0,0.0
18.762278978388995,18.738689766160412,16.99713541324793,1.7522811656381334,0,0,0.0,0.0,0.0,0,0.0
18.694798822374878,18.715302983102056,17.055569881465967,1.6706393573867082,0,0,0.0,0.0,0.0,0,0.0
18.694798822374878,18.692866040171474,17.113004616799934,1.5909484317954918,0,0,0.0,0.0,0.0,0,0.0
18.694798822374878,18.671695587051218,17.16944783744548,1.513516804671089,0,0,0.0,0.0,0.0,0,0.0
18.627450980392155,18.65220873197139,17.224907857858337,1.438753253432493,0,0,0.0,0.0,0.0,0,0.0
18.627450980392155,18.63424934499543,17.27939308403862,1.3664932251014887,0,0,0.0,0.0,0.0,0,0.0
18.627450980392155,18.61702240075466,17.332912008962392,1.295933183594471,0,0,0.0,0.0,0.0,0,0.0
18.627450980392155,18.6001779076782,17.38547320815048,1.2267145433723083,0,0,0.0,0.0,0.0,0,0.0
18.560235063663075,18.584675473777377,17.437085335353437,1.1597882395284573,0,0,0.0,0.0,0.0,0,0.0
18.560235063663075,18.571697992411707,17.487757118350554,1.0963284177445924,0,0,0.0,0.0,0.0,0,0.0
18.560235063663075,18.56058022108491,17.53749735489139,1.035661017133565,0,0,0.0,0.0,0.0,0,0.0
18.560235063663075,18.54874823403559,17.586314908799704,0.9752032267146777,0,0,0.0,0.0,0.0,0,0.0
18.560235063663075,18.534373806915166,17.634218706199547,0.913117873853877,0,0,0.0,0.0,0.0,0,0.0
18.493150684931507,18.518599790409084,17.681217731775114,0.8505388016134647,0,0,0.0,0.0,0.0,0,0.0
18.493150684931507,18.504332447595196,17.727321025008795,0.7903632098606446,0,0,0.0,0.0,0.0,0,0.0
18.493150684931507,18.492876139886018,17.772537676434617,0.7338863449445876,0,0,0.0,0.0,0.0,0,0.0
18.493150684931507,18.48242247562073,17.816876823996196,0.6792906519185617,0,0,0.0,0.0,0.0,0,0.0
18.493150684931507,18.469974303684527,17.860347649548174,0.6235697716459168,0,0,0.0,0.0,0.0,0,0.0
18.426197458455523,18.454110313470643,17.902959375439114,0.565293144167236,0,0,0.0,0.0,0.0,0,0.0
18.426197458455523,18.43561368065106,17.944721261065666,0.5052346579047775,0,0,0.0,0.0,0.0,0,0.0
18.426197458455523,18.416288228199075,17.985642599331303,0.4451888142142204,0,0,0.0,0.0,0.0,0,0.0
18.426197458455523,18.398086900840948,18.025732713028738,0.38709920544168774,0,0,0.0,0.0,0.0,0,0.0
18.359375,18.38280111586332,18.065000951229752,0.3327478693291255,0,0,0.0,0.0,0.0,0,0.0
18.359375,18.370995755933546,18.103456685786288,0.28269028532124985,0,0,0.0,0.0,0.0,0,0.0
18.359375,18.360713837050337,18.141109308020848,0.23496004581343932,0,0,0.0,0.0,0.0,0,0.0
18.359375,18.348391527043653,18.177968225609956,0.18598387775578207,0,0,0.0,0.0,0.0,0,0.0
18.359375,18.332312947942476,18.214042859569982,0.13403644802257997,0,0,0.0,0.0,0.0,0,0.0
18.29268292682927,18.315110350612734,18.24934264121972,0.08174054107524498,0,0,0.0,0.0,0.0,0,0.0
18.29268292682927,18.301899553505386,18.28387700907773,0.034202500800462055,0,0,0.0,0.0,0.0,0,0.0
18.29268292682927,18.29527590965428,18.31765540580212,-0.005991799444264423,0,0,0.0,0.0,0.0,0,0.0
18.29268292682927,18.292127319737396,18.350687275350136,-0.04196394094158418,0,0,0.0,0.0,0.0,0,0.0
18.29268292682927,18.28564675028081,18.382982060430887,-0.08053043887571842,0,0,0.0,0.0,0.0,0,0.0
18.29268292682927,18.270891426259873,18.41454920011612,-0.12664354735472916,0,0,0.0,0.0,0.0,0,0.0
18.226120857699804,18.248971749762575,18.445398127344532,-0.17920233826416965,0,0,0.0,0.0,0.0,0,0.0
18.226120857699804,18.226335963877176,18.475538266132194,-0.23176803460263962,0,0,0.0,0.0,0.0,0,0.0
18.226120857699804,18.20993159302011,18.504979028537296,-0.27740256713140354,0,0,0.0,0.0,0.0,0,0.0
18.159688412852972,18.20223340326247,18.53372981163915,-0.31364061103968055,0,0,0.0,0.0,0.0,0,0.0
18.226120857699804,18.199885743194834,18.56179999481677,-0.34384724237122466,0,0,0.0,0.0,0.0,0,0.0
18.226120857699804,18.196649755338115,18.5891989374384,-0.37427072431588293,0,0,0.0,0.0,0.0,0,0.0
18.159688412852972,18.187813680068977,18.61593597683609,-0.40963220127158007,0,0,0.0,0.0,0.0,0,0.0
18.159688412852972,18.172397934585938,18.642020426305137,-0.45092061789053517,0,0,0.0,0.0,0.0,0,0.0
18.159688412852972,18.152444527056083,18.66746157290538,-0.4961033027467252,0,0,0.0,0.0,0.0,0,0.0
18.159688412852972,18.13152154304374,18.692268674990622,-0.5416214794495193,0,0,0.0,0.0,0.0,0,0.0
18.09338521400778,18.11361140464239,18.71645095954885,-0.5835020048649069,0,0,0.0,0.0,0.0,0,0.0
18.09338521400778,18.10151747293002,18.740017619532836,-0.6189507640036407,0,0,0.0,0.0,0.0,0,0.0
18.09338521400778,18.094896988545536,18.762977811374878,-0.6483197269724492,0,0,0.0,0.0,0.0,0,0.0
18.09338521400778,18.090103324604524,18.785340652804276,-0.6752646938886562,0,0,0.0,0.0,0.0,0,0.0
18.09338521400778,18.08299135358895,18.80711522094567,-0.7039399261017003,0,0,0.0,0.0,0.0,0,0.0
18.09338521400778,18.07240242181322,18.828310550552384,-0.735513169973335,0,0,0.0,0.0,0.0,0,0.0
18.02721088435374,18.060746878291084,18.848935632214346,-0.7675831262314352,0,0,0.0,0.0,0.0,0,0.0
18.02721088435374,18.051105459107276,18.868999410484918,-0.7970780637381116,0,0,0.0,0.0,0.0,0,0.0
18.09338521400778,18.04425826157802,18.88851078199771,-0.8232268434587873,0,0,0.0,0.0,0.0,0,0.0
18.02721088435374,18.038853914273155,18.907478593682054,-0.8473897466683766,0,0,0.0,0.0,0.0,0,0.0
18.02721088435374,18.033756939058108,18.925911641125683,-0.8707111112847512,0,0,0.0,0.0,0.0,0,0.0
18.02721088435374,18.029312397443807,18.943818667060782,-0.8928546840176317,0,0,0.0,0.0,0.0,0,0.0
18.02721088435374,18.026486777759143,18.96120835993833,-0.9128627317831395,0,0,0.0,0.0,0.0,0,0.0
18.02721088435374,18.025577724657193,18.978089352591446,-0.9304463108736165,0,0,0.0,0.0,0.0,0,0.0
18.02721088435374,18.025992154798107,18.99447022101253,-0.9462071500644598,0,0,0.0,0.0,0.0,0,0.0
18.02721088435374,18.02689227394851,19.010359483254238,-0.9609916324282972,0,0,0.0,0.0,0.0,0,0.0
18.02721088435374,18.027751653647055,19.025765598433704,-0.9753347176861489,0,0,0.0,0.0,0.0,0,0.0
18.02721088435374,18.02833478667615,19.040696965803562,-0.9894803858191885,0,0,0.0,0.0,0.0,0,0.0
18.02721088435374,18.02836872535154,19.055161923857582,-1.003709997897202,0,0,0.0,0.0,0.0,0,0.0
18.02721088435374,18.027487407690874,19.06916874944828,-1.0183979690399694,0,0,0.0,0.0,0.0,0,0.0
18.02721088435374,18.025719560523534,19.082725656898756,-1.0335238644314968,0,0,0.0,0.0,0.0,0,0.0
18.02721088435374,18.02412681855756,19.095840797099257,-1.0480342793618878,0,0,0.0,0.0,0.0,0,0.0
18.02721088435374,18.024735593780964,19.108522256605937,-1.0599109689368449,0,0,0.0,0.0,0.0,0,0.0
18.02721088435374,18.029215113040927,19.120778056801772,-1.0674928096714549,0,0,0.0,0.0,0.0,0,0.0
18.02721088435374,18.036949711454554,19.13261615320474,-1.0714035053995055,0,0,0.0,0.0,0.0,0,0.0
18.02721088435374,18.04437409974334,19.14404443497284,-1.0752163194559001,0,0,0.0,0.0,0.0,0,0.0
18.09338521400778,18.047024635721534,19.155070724553283,-1.083402802849216,0,0,0.0,0.0,0.0,0,0.0
18.02721088435374,18.043149000203233,19.165702777316316,-1.097723118000058,0,0,0.0,0.0,0.0,0,0.0
18.02721088435374,18.035457624105092,19.17594828099835,-1.1154746110930018,0,0,0.0,0.0,0.0,0,0.0
18.02721088435374,18.02897286695843,19.18581485489274,-1.131642632766674,0,0,0.0,0.0,0.0,0,0.0
18.02721088435374,18.026841896132442,19.195310048894402,-1.1430876579464524,0,0,0.0,0.0,0.0,0,0.0
18.02721088435374,18.02784723931105,19.20444134259038,-1.1510347324693093,0,0,0.0,0.0,0.0,0,0.0
18.02721088435374,18.027475293595867,19.213216144518736,-1.1600049632508185,0,0,0.0,0.0,0.0,0,0.0
18.02721088435374,18.02135430778187,19.221641791549256,-1.1743775354010064,0,0,0.0,0.0,0.0,0,0.0
18.02721088435374,18.00822839735106,19.229725548204545,-1.1954156965625877,0,0,0.0,0.0,0.0,0,0.0
17.96116504854369,17.990165245006477,19.237474605736686,-1.2210590554641811,0,0,0.0,0.0,0.0,0,0.0
17.96116504854369,17.970204065505833,19.24489608088965,-1.2482756158595119,0,0,0.0,0.0,0.0,0,0.0
17.96116504854369,17.95023147407474,19.251997014411913,-1.2751859066371156,0,0,0.0,0.0,0.0,0,0.0
17.96116504854369,17.93134955246128,19.258784369447884,-1.3006949141672797,0,0,0.0,0.0,0.0,0,0.0
17.89524733268671,17.915423111338626,19.26526502992873,-1.3229448183001713,0,0,0.0,0.0,0.0,0,0.0
17.89524733268671,17.90466531729327,19.27144579906447,-1.3397293638794938,0,0,0.0,0.0,0.0,0,0.0
17.89524733268671,17.898985294068016,19.277333398036767,-1.351146258201822,0,0,0.0,0.0,0.0,0,0.0
17.89524733268671,17.89450348661601,19.28293446495901,-1.3610818059320673,0,0,0.0,0.0,0.0,0,0.0
17.89524733268671,17.88593816735208,19.288255554062772,-1.3748244020477145,0,0,0.0,0.0,0.0,0,0.0
17.89524733268671,17.871179013260708,19.29330313494034,-1.3944909539823747,0,0,0.0,0.0,0.0,0,0.0
17.829457364341085,17.853484898046787,19.29808359164314,-1.4168290885822135,0,0,0.0,0.0,0.0,0,0.0
17.829457364341085,17.83874718460259,19.302603221564382,-1.4359538585301554,0,0,0.0,0.0,0.0,0,0.0
17.829457364341085,17.83022549803308,19.30686823422982,-1.448611968119618,0,0,0.0,0.0,0.0,0,0.0
17.829457364341085,17.82579535894099,19.31088475021383,-1.4569341388936037,0,0,0.0,0.0,0.0,0,0.0
17.829457364341085,17.82013785996822,19.31465880030433,-1.4662454322760325,0,0,0.0,0.0,0.0,0,0.0
17.829457364341085,17.80933850389711,19.318196324843907,-1.4804664108191918,0,0,0.0,0.0,0.0,0,0.0
17.76379477250726,17.793329493742952,19.321503173045528,-1.499670847434218,0,0,0.0,0.0,0.0,0,0.0
17.76379477250726,17.774441559064886,19.324585102111858,-1.5215338982066067,0,0,0.0,0.0,0.0,0,0.0
17.76379477250726,17.754697932527275,19.327447776119687,-1.5440381247260282,0,0,0.0,0.0,0.0,0,0.0
17.76379477250726,17.735239876955507,19.330096764741526,-1.566047965758603,0,0,0.0,0.0,0.0,0,0.0
17.698259187620888,17.717712384661965,19.33253754190904,-1.5859240365906064,0,0,0.0,0.0,0.0,0,0.0
17.698259187620888,17.704664162194167,19.334775484518474,-1.6011231429916712,0,0,0.0,0.0,0.0,0,0.0
17.698259187620888,17.697776292944646,19.336815871285573,-1.6099696174654081,0,0,0.0,0.0,0.0,0,0.0
17.698259187620888,17.696056347949828,19.338663881859006,-1.6134612075692765,0,0,0.0,0.0,0.0,0,0.0
17.698259187620888,17.69636961447746,19.340324596248415,-1.6147378467601552,0,0,0.0,0.0,0.0,0,0.0
17.698259187620888,17.69608944883901,19.341802994521696,-1.616431301283885,0,0,0.0,0.0,0.0,0,0.0
17.698259187620888,17.69566892738565,19.343103956652605,-1.6180935190312011,0,0,0.0,0.0,0.0,0,0.0
17.698259187620888,17.699213841831565,19.344232262429525,-1.6156236341271293,0,0,0.0,0.0,0.0,0,0.0
17.698259187620888,17.71281926331722,19.345192591469164,-1.60293140288505,0,0,0.0,0.0,0.0,0,0.0
17.76379477250726,17.741978713492813,19.34598952353925,-1.5745280330491584,0,0,0.0,0.0,0.0,0,0.0
17.76379477250726,17.789653747438038,19.346627539488185,-1.5274566018072315,0,0,0.0,0.0,0.0,0,0.0
17.89524733268671,17.855612993984494,19.347111023059423,-1.461953017285075,0,0,0.0,0.0,0.0,0,0.0
17.89524733268671,17.936706480914626,19.347444263749217,-1.38117169620741,0,0,0.0,0.0,0.0,0,0.0
18.02721088435374,18.027910101798703,19.347631460701102,-1.290141100957106,0,0,0.0,0.0,0.0,0,0.0
18.159688412852972,18.124371362319565,19.347676727477758,-1.1937179980235122,0,0,0.0,0.0,0.0,0,0.0
18.226120857699804,18.22361302403391,19.34758409746313,-1.0943838196442155,0,0,0.0,0.0,0.0,0,0.0
18.29268292682927,18.325643543080705,19.347357529657675,-0.9921342308922609,0,0,0.0,0.0,0.0,0,0.0
18.426197458455523,18.430241839952757,19.347000914716194,-0.8871943659424173,0,0,0.0,0.0,0.0,0,0.0
18.560235063663075,18.534202887522362,19.34651808115651,-0.7827732462537442,0,0,0.0,0.0,0.0,0,0.0
18.627450980392155,18.631724165297875,19.345912801653498,-0.6846773326061142,0,0,0.0,0.0,0.0,0,0.0
18.694798822374878,18.717571783761443,19.345188799233505,-0.5981444069555311,0,0,0.0,0.0,0.0,0,0.0
18.829891838741396,18.7900256518268,19.344349753100623,-0.524898410800728,0,0,0.0,0.0,0.0,0,0.0
18.829891838741396,18.851279262614288,19.343399303856692,-0.46274966462577005,0,0,0.0,0.0,0.0,0,0.0
18.89763779527559,18.904999255926572,19.342341058021184,-0.4080353099414027,0,0,0.0,0.0,0.0,0,0.0
18.96551724137931,18.952647984332252,19.341178591916048,-0.3592967470828774,0,0,0.0,0.0,0.0,0,0.0
18.96551724137931,18.99141319702255,19.339915455037456,-0.3193499547211196,0,0,0.0,0.0,0.0,0,0.0
19.03353057199211,19.01589913401043,19.33855517294842,-0.29359439855182035,0,0,0.0,0.0,0.0,0,0.0
19.03353057199211,19.022844658517993,19.337101249569535,-0.2852949011937844,0,0,0.0,0.0,0.0,0,0.0
19.03353057199211,19.015105501127508,19.335557168668405,-0.2915993995218171,0,0,0.0,0.0,0.0,0,0.0
18.96551724137931,19.000997288483113,19.333926394455382,-0.30419591655467326,0,0,0.0,0.0,0.0,0,0.0
18.96551724137931,18.9890529496936,19.33221237143947,-0.3145551549014922,0,0,0.0,0.0,0.0,0,0.0
19.03353057199211,18.982821214943748,19.3304185239085,-0.31913199762340483,0,0,0.0,0.0,0.0,0,0.0
18.96551724137931,18.98002777780854,19.32854825541098,-0.32020434539328657,0,0,0.0,0.0,0.0,0,0.0
18.96551724137931,18.97559738083405,19.32660494842806,-0.3228510305784025,0,0,0.0,0.0,0.0,0,0.0
18.96551724137931,18.96502734620583,19.324591964175543,-0.33157828636490483,0,0,0.0,0.0,0.0,0,0.0
18.96551724137931,18.946078696583122,19.32251264232173,-0.3486286256317688,0,0,0.0,0.0,0.0,0,0.0
18.89763779527559,18.918945207749047,19.32037030039879,-0.37381178770158563,0,0,0.0,0.0,0.0,0,0.0
18.89763779527559,18.8854755538245,19.318168232778493,-0.40528259209139894,0,0,0.0,0.0,0.0,0,0.0
18.829891838741396,18.848099526559295,19.31590970920271,-0.440614717740333,0,0,0.0,0.0,0.0,0,0.0
18.829891838741396,18.809394043270462,19.31359797295187,-0.47723469322740875,0,0,0.0,0.0,0.0,0,0.0
18.762278978388995,18.772500693317696,19.311236238786766,-0.5120043482247874,0,0,0.0,0.0,0.0,0,0.0
18.762278978388995,18.74119772769435,19.30882769082848,-0.5411488217729585,0,0,0.0,0.0,0.0,0,0.0
18.694798822374878,18.7183056032685,19.30637548056479,-0.5618510160315544,0,0,0.0,0.0,0.0,0,0.0
18.694798822374878,18.703041799280083,19.30388272516659,-0.5748967780834324,0,0,0.0,0.0,0.0,0,0.0
18.694798822374878,18.69002904664771,19.301352506215725,-0.5856666693396697,0,0,0.0,0.0,0.0,0,0.0
18.694798822374878,18.67201362408311,19.29878786877395,-0.6014176684773977,0,0,0.0,0.0,0.0,0,0.0
18.627450980392155,18.644859035647734,19.296191820542784,-0.6262894930255303,0,0,0.0,0.0,0.0,0,0.0
18.627450980392155,18.61073715061157,19.2935673308089,-0.6581134584330521,0,0,0.0,0.0,0.0,0,0.0
18.560235063663075,18.57670317633403,19.290917329009474,-0.6898375037343971,0,0,0.0,0.0,0.0,0,0.0
18.560235063663075,18.549639923798054,19.288244703009894,-0.7145819242731599,0,0,0.0,0.0,0.0,0,0.0
18.493150684931507,18.531386571094927,19.285552297383827,-0.7305106064766518,0,0,0.0,0.0,0.0,0,0.0
18.560235063663075,18.517749316415344,19.28284291198032,-0.7418203734103765,0,0,0.0,0.0,0.0,0,0.0
18.493150684931507,18.50207720805634,19.280119300862218,-0.7551651536871204,0,0,0.0,0.0,0.0,0,0.0
18.493150684931507,18.480274132596104,19.277384171457317,-0.7746439924200406,0,0,0.0,0.0,0.0,0,0.0
18.426197458455523,18.45310658772464,19.27464018365401,-0.7994932774634994,0,0,0.0,0.0,0.0,0,0.0
18.426197458455523,18.42467121125619,19.27188994865772,-0.8256192092320664,0,0,0.0,0.0,0.0,0,0.0
18.426197458455523,18.39933286596704,19.269136027616835,-0.8486597144627122,0,0,0.0,0.0,0.0,0,0.0
18.359375,18.379563711183714,19.26638093018345,-0.8661453731605241,0,0,0.0,0.0,0.0,0,0.0
18.359375,18.365112964009796,19.263627113210305,-0.8783296560410144,0,0,0.0,0.0,0.0,0,0.0
18.359375,18.35316921583228,19.260876979707795,-0.8880266069520907,0,0,0.0,0.0,0.0,0,0.0
18.359375,18.339562626743554,19.2581328780507,-0.8994086476291113,0,0,0.0,0.0,0.0,0,0.0
18.29268292682927,18.32066589815907,19.255397101298637,-0.9161056043670254,0,0,0.0,0.0,0.0,0,0.0
18.29268292682927,18.29511350823173,19.252671886430758,-0.9394854718090148,0,0,0.0,0.0,0.0,0,0.0
18.29268292682927,18.26490634397487,19.249959413324323,-0.9675497797694685,0,0,0.0,0.0,0.0,0,0.0
18.226120857699804,18.235545037195127,19.247261803426223,-0.9948002559389727,0,0,0.0,0.0,0.0,0,0.0
18.226120857699804,18.21409310517705,19.24458111823895,-1.0141756836509912,0,0,0.0,0.0,0.0,0,0.0
18.159688412852972,18.204997699307114,19.24191935789625,-1.0212311517977308,0,0,0.0,0.0,0.0,0,0.0
18.226120857699804,18.20647416266637,19.23927846014176,-1.0177534961793873,0,0,0.0,0.0,0.0,0,0.0
18.226120857699804,18.211172365547625,19.23666029988546,-1.0110949635055193,0,0,0.0,0.0,0.0,0,0.0
18.226120857699804,18.21117140478723,19.234066689249534,-1.0091785120701682,0,0,0.0,0.0,0.0,0,0.0
18.159688412852972,18.20304636732377,19.231499377791938,-1.0154310483766924,0,0,0.0,0.0,0.0,0,0.0
18.226120857699804,18.189082412184973,19.22896005256455,-1.0275693451678023,0,0,0.0,0.0,0.0,0,0.0
18.159688412852972,18.174660192577534,19.226450337834358,-1.0402146190146409,0,0,0.0,0.0,0.0,0,0.0
18.159688412852972,18.16441591418807,19.223971794536997,-1.048732471425885,0,0,0.0,0.0,0.0,0,0.0
18.159688412852972,18.15955125214167,19.2215259196823,-1.0519229712501248,0,0,0.0,0.0,0.0,0,0.0
18.159688412852972,18.157554927787153,19.219114145916958,-1.0522990774074947,0,0,0.0,0.0,0.0,0,0.0
18.159688412852972,18.154272302221216,19.21673784130863,-1.0540170451026052,0,0,0.0,0.0,0.0,0,0.0
18.159688412852972,18.146712692835756,19.2143983092554,-1.0600691091384886,0,0,0.0,0.0,0.0,0,0.0
18.09338521400778,18.134585859330056,19.21209678834537,-1.0707469977145836,0,0,0.0,0.0,0.0,0,0.0
18.159688412852972,18.120006535795245,19.209834452028808,-1.0839373999637658,0,0,0.0,0.0,0.0,0,0.0
18.09338521400778,18.106292399953883,19.20761240807971,-1.096323996122405,0,0,0.0,0.0,0.0,0,0.0
18.09338521400778,18.096622198060828,19.20543169794174,-1.1047293319222342,0,0,0.0,0.0,0.0,0,0.0
18.09338521400778,18.09262613710096,19.203293296119895,-1.1075244257298353,0,0,0.0,0.0,0.0,0,0.0
18.09338521400778,18.09330769446881,19.201198109769983,-1.1057069584007326,0,0,0.0,0.0,0.0,0,0.0
18.09338521400778,18.09520962963481,19.199146978555802,-1.1027352614131996,0,0,0.0,0.0,0.0,0,0.0
18.09338521400778,18.09416628525753,19.197140674719602,-1.1027760157680966,0,0,0.0,0.0,0.0,0,0.0
18.09338521400778,18.087800000320975,19.195179903205414,-1.1082078389151477,0,0,0.0,0.0,0.0,0,0.0
18.09338521400778,18.07714991623343,19.193265301651483,-1.1179924785853992,0,0,0.0,0.0,0.0,0,0.0
18.02721088435374,18.066106365272464,19.1913974401515,-1.128240424044956,0,0,0.0,0.0,0.0,0,0.0
18.09338521400778,18.058863516384434,19.18957682083146,-1.1347582598084403,0,0,0.0,0.0,0.0,0,0.0
18.02721088435374,18.057255422687355,19.187803877408516,-1.1357126176296948,0,0,0.0,0.0,0.0,0,0.0
18.09338521400778,18.059815760078145,19.186078974913098,-1.1325704375499372,0,0,0.0,0.0,0.0,0,0.0
18.02721088435374,18.062855551006365,19.184402409658386,-1.129021244025341,0,0,0.0,0.0,0.0,0,0.0
18.09338521400778,18.06267143000665,19.182774409397318,-1.128768880482009,0,0,0.0,0.0,0.0,0,0.0
18.02721088435374,18.05787605624682,19.18119513350587,-1.1332010968800779,0,0,0.0,0.0,0.0,0,0.0
18.09338521400778,18.050842969320065,19.17966467303422,-1.1399446939001336,0,0,0.0,0.0,0.0,0,0.0
18.02721088435374,18.04708828892191,19.178183050580845,-1.143483823066302,0,0,0.0,0.0,0.0,0,0.0
18.02721088435374,18.052219733192977,19.176750220113796,-1.1382109681491823,0,0,0.0,0.0,0.0,0,0.0
18.09338521400778,18.068194887057402,19.175366066988794,-1.1221686767684482,0,0,0.0,0.0,0.0,0,0.0
18.09338521400778,18.091806449254044,19.17403040840271,-1.0985643137364725,0,0,0.0,0.0,0.0,0,0.0
18.09338521400778,18.1166612107929,19.172742994360423,-1.0737910834885829,0,0,0.0,0.0,0.0,0,0.0
18.159688412852972,18.137211776466575,19.171503509014443,-1.053396309829432,0,0,0.0,0.0,0.0,0,0.0
18.159688412852972,18.152218443919743,19.17031157210092,-1.0386195582162152,0,0,0.0,0.0,0.0,0,0.0
18.159688412852972,18.165401994042256,19.16916674023109,-1.0257398465720216,0,0,0.0,0.0,0.0,0,0.0
18.159688412852972,18.182609487586053,19.168068507980053,-1.0089098496711304,0,0,0.0,0.0,0.0,0,0.0
18.226120857699804,18.207469309512373,19.167016308920633,-0.9845008557374668,0,0,0.0,0.0,0.0,0,0.0
18.226120857699804,18.239066253508163,19.166009516839576,-0.953427683054497,0,0,0.0,0.0,0.0,0,0.0
18.29268292682927,18.273429520871787,19.16504744729303,-0.9196606825435203,0,0,0.0,0.0,0.0,0,0.0
18.29268292682927,18.307277116513827,19.164129359485038,-0.8864813435481316,0,0,0.0,0.0,0.0,0,0.0
18.359375,18.340916209237406,19.163254458329494,-0.8535819355209976,0,0,0.0,0.0,0.0,0,0.0
18.359375,18.378364327370164,19.16242189657671,-0.8169443144218156,0,0,0.0,0.0,0.0,0,0.0
18.426197458455523,18.425049313858977,19.161630777028396,-0.7711399697393039,0,0,0.0,0.0,0.0,0,0.0
18.493150684931507,18.48498941716034,19.160880155022955,-0.712149935986041,0,0,0.0,0.0,0.0,0,0.0
18.560235063663075,18.55919182270896,19.160169041442348,-0.6389662641349588,0,0,0.0,0.0,0.0,0,0.0
18.627450980392155,18.645734834411456,19.1594964064383,-0.5535098437482827,0,0,0.0,0.0,0.0,0,0.0
18.762278978388995,18.741078922228166,19.158861183939983,-0.4593193597980705,0,0,0.0,0.0,0.0,0,0.0
18.829891838741396,18.841884013873788,19.158262276863386,-0.3597340060678622,0,0,0.0,0.0,0.0,0,0.0
18.96551724137931,18.94625507076896,19.157698562858183,-0.2566479148389942,0,0,0.0,0.0,0.0,0,0.0
19.03353057199211,19.0532609973914,19.157168900422295,-0.15099125354331727,0,0,0.0,0.0,0.0,0,0.0
19.1699604743083,19.16082045314701,19.156672135254563,-0.04484441913219783,0,0,0.0,0.0,0.0,0,0.0
19.23837784371909,19.263983630158314,19.15620710673225,0.056843733348822645,0,0,0.0,0.0,0.0,0,0.0
19.37561942517344,19.356052013266467,19.15577265434374,0.1473756444456079,0,0,0.0,0.0,0.0,0,0.0
19.444444444444446,19.43259928746763,19.15536762380942,0.22232595172904301,0,0,0.0,0.0,0.0,0,0.0
19.513406156901688,19.494943530629396,19.154990872592276,0.2830136771208598,0,0,0.0,0.0,0.0,0,0.0
19.513406156901688,19.548933509769768,19.154641274618747,0.33528851857368813,0,0,0.0,0.0,0.0,0,0.0
19.582504970178928,19.599148340242778,19.154317724253534,0.3837305054056439,0,0,0.0,0.0,0.0,0,0.0
19.65174129353234,19.643948285368797,19.154019139728707,0.4267007946272595,0,0,0.0,0.0,0.0,0,0.0
19.721115537848604,19.676629027971828,19.15374446617528,0.45749593957485013,0,0,0.0,0.0,0.0,0,0.0
19.65174129353234,19.69162526191935,19.153492678188595,0.4705514790145453,0,0,0.0,0.0,0.0,0,0.0
19.721115537848604,19.68958153283764,19.153262781684763,0.4665127761327349,0,0,0.0,0.0,0.0,0,0.0
19.65174129353234,19.676834238015886,19.153053814846707,0.4517170176275972,0,0,0.0,0.0,0.0,0,0.0
19.65174129353234,19.660566195362883,19.152864848188223,0.43334778273723346,0,0,0.0,0.0,0.0,0,0.0
19.65174129353234,19.644297968990045,19.152694983992113,0.41492636952197337,0,0,0.0,0.0,0.0,0,0.0
19.65174129353234,19.627004488122726,19.152543355435046,0.3954284147902996,0,0,0.0,0.0,0.0,0,0.0
19.582504970178928,19.605264486173233,19.15240912558438,0.37143333431645403,0,0,0.0,0.0,0.0,0,0.0
19.582504970178928,19.575668073717495,19.15229148625952,0.33953189709924303,0,0,0.0,0.0,0.0,0,0.0
19.513406156901688,19.53614590248916,19.152189656617715,0.29765539091579263,0,0,0.0,0.0,0.0,0,0.0
19.513406156901688,19.487124628827157,19.15210288130063,0.24623108777006497,0,0,0.0,0.0,0.0,0,0.0
19.444444444444446,19.432835673629885,19.15203042805222,0.18949100637871646,0,0,0.0,0.0,0.0,0,0.0
19.37561942517344,19.38082162397147,19.151971584866263,0.13497831679140437,0,0,0.0,0.0,0.0,0,0.0
19.306930693069305,19.33806266237187,19.15192565690025,0.08967377290065187,0,0,0.0,0.0,0.0,0,0.0
19.306930693069305,19.30603699613662,19.15189196350579,0.05505614490694827,0,0,0.0,0.0,0.0,0,0.0
19.306930693069305,19.279532958426998,19.151869835668506,0.025914323106772996,0,0,0.0,0.0,0.0,0,0.0
19.23837784371909,19.25100911618548,19.15185861391812,-0.00529257193215249,0,0,0.0,0.0,0.0,0,0.0
19.23837784371909,19.216755338208884,19.151857646509956,-0.04227411931729014,0,0,0.0,0.0,0.0,0,0.0
19.1699604743083,19.179457542104664,19.1518662875858,-0.08234384887176582,0,0,0.0,0.0,0.0,0,0.0
19.10167818361303,19.14560462958246,19.15188389516027,-0.11901230366308568,0,0,0.0,0.0,0.0,0,0.0
19.1699604743083,19.121006672607397,19.151909829029915,-0.14646885159068684,0,0,0.0,0.0,0.0,0,0.0
19.10167818361303,19.108476751691143,19.151943448879052,-0.1618998450303227,0,0,0.0,0.0,0.0,0,0.0
19.10167818361303,19.108377159015326,19.151984112868277,-0.1649424161267143,0,0,0.0,0.0,0.0,0,0.0
19.10167818361303,19.120024084635027,19.152031176885902,-0.1562797896669009,0,0,0.0,0.0,0.0,0,0.0
19.1699604743083,19.14273301853605,19.1520839945226,-0.13659588082089985,0,0,0.0,0.0,0.0,0,0.0
19.1699604743083,19.176665874722282,19.152141917760066,-0.10572817156418934,0,0,0.0,0.0,0.0,0,0.0
19.23837784371909,19.222990727077846,19.152204298356022,-0.06250797601956393,0,0,0.0,0.0,0.0,0,0.0
19.23837784371909,19.28247425022718,19.152270489936935,-0.006168001506692944,0,0,0.0,0.0,0.0,0,0.0
19.37561942517344,19.353490610685206,19.152339850830522,0.06166653996078114,0,0,0.0,0.0,0.0,0,0.0
19.444444444444446,19.43178410923204,19.152411747633025,0.1367405706700381,0,0,0.0,0.0,0.0,0,0.0
19.513406156901688,19.512337916399698,19.152485559406454,0.21403787868804752,0,0,0.0,0.0,0.0,0,0.0
19.582504970178928,19.590887044526234,19.15256068229421,0.28929408549172614,0,0,0.0,0.0,0.0,0,0.0
19.65174129353234,19.663269442428835,19.152636534288888,0.35834773606703285,0,0,0.0,0.0,0.0,0,0.0
19.721115537848604,19.72415710452603,19.152712559878672,0.4158714035806518,0,0,0.0,0.0,0.0,0,0.0
19.790628115653043,19.767945392375523,19.152788234291005,0.45626100687226223,0,0,0.0,0.0,0.0,0,0.0
19.790628115653043,19.791898271668792,19.152863067036495,0.4767810441053861,0,0,0.0,0.0,0.0,0,0.0
19.790628115653043,19.798574559219166,19.152936604496347,0.4799908373703609,0,0,0.0,0.0,0.0,0,0.0
19.790628115653043,19.79499073606303,19.153008431450917,0.4729073444614644,0,0,0.0,0.0,0.0,0,0.0
19.790628115653043,19.78916323245414,19.15307817168219,0.46354744347531546,0,0,0.0,0.0,0.0,0,0.0
19.790628115653043,19.78669035074218,19.15314548798224,0.4575098558896696,0,0,0.0,0.0,0.0,0,0.0
19.790628115653043,19.789132618017717,19.153210081958456,0.45635549961399413,0,0,0.0,0.0,0.0,0,0.0
19.790628115653043,19.794102570933724,19.15327169392672,0.45769727413071176,0,0,0.0,0.0,0.0,0,0.0
19.790628115653043,19.79641648294033,19.153330102987898,0.4563517878685506,0,0,0.0,0.0,0.0,0,0.0
19.790628115653043,19.79016616208282,19.153385127176783,0.44641115606871906,0,0,0.0,0.0,0.0,0,0.0
19.790628115653043,19.77152137304405,19.15343662343021,0.42404542307848403,0,0,0.0,0.0,0.0,0,0.0
19.721115537848604,19.741073251024975,19.153484487095472,0.38984597694457757,0,0,0.0,0.0,0.0,0,0.0
19.721115537848604,19.704044595966437,19.15352865081079,0.34903584497794704,0,0,0.0,0.0,0.0,0,0.0
19.65174129353234,19.667866844296544,19.15356908279832,0.3090466674336084,0,0,0.0,0.0,0.0,0,0.0
19.65174129353234,19.63852936636787,19.15360578481928,0.27586799722025823,0,0,0.0,0.0,0.0,0,0.0
19.582504970178928,19.61806384438453,19.153638790141564,0.2515316800893356,0,0,0.0,0.0,0.0,0,0.0
19.65174129353234,19.60479784030185,19.15366816181407,0.23436542449198633,0,0,0.0,0.0,0.0,0,0.0
19.582504970178928,19.59586784583349,19.153693991377295,0.22150585310926857,0,0,0.0,0.0,0.0,0,0.0
19.582504970178928,19.58952158041029,19.1537163979754,0.2112008019345926,0,0,0.0,0.0,0.0,0,0.0
19.582504970178928,19.585246463381786,19.153735527758098,0.20293779331103465,0,0,0.0,0.0,0.0,0,0.0
19.582504970178928,19.582423780957612,19.15375155347214,0.19609820352089366,0,0,0.0,0.0,0.0,0,0.0
